<?xml version = '1.0' encoding = 'UTF-8'?>
<Entity class="oracle.dbtools.crest.model.design.logical.Entity" directorySegmentName="seg_0" id="2253A09B-7B91-4135-5453-BAD7D83103F9" name="CRUISE">
<createdBy>User</createdBy>
<createdTime>2025-04-20 04:44:56 UTC</createdTime>
<ownerDesignName>oo_logical</ownerDesignName>
<engineerTo>
<item key="D8D394C7-8ABC-8C0A-4C3A-72102397E743" value="true"/>
</engineerTo>
<adequatelyNormalized>NO</adequatelyNormalized>
<expectedVolumes>0</expectedVolumes>
<fwdEngineeringStrategyName>Single Table</fwdEngineeringStrategyName>
<growthPercent>0</growthPercent>
<growthType>Year</growthType>
<maxVolumes>9999999</maxVolumes>
<minVolumes>0</minVolumes>
<normalForm>Third</normalForm>
<attributes itemClass="oracle.dbtools.crest.model.design.logical.Attribute">
<Attribute name="cruise_id" id="1E00A0B3-9B20-BDBF-DD8A-0C9771342D5D">
<createdBy>User</createdBy>
<createdTime>2025-04-20 04:45:05 UTC</createdTime>
<commentInRDBMS><![CDATA[Cruise ID identifies each cruise on a particular ship.]]></commentInRDBMS>
<ownerDesignName>oo_logical</ownerDesignName>
<engineerTo>
<item key="D8D394C7-8ABC-8C0A-4C3A-72102397E743" value="true"/>
</engineerTo>
<useDomainConstraints>false</useDomainConstraints>
<use>1</use>
<logicalDatatype>LOGDT019</logicalDatatype>
<dataTypePrecision>4</dataTypePrecision>
<ownDataTypeParameters>,4,</ownDataTypeParameters>
</Attribute>
<Attribute name="cruise_name" id="B5839C1C-6DFF-A743-69A6-BFFFC703576E">
<createdBy>User</createdBy>
<createdTime>2025-04-20 04:45:34 UTC</createdTime>
<commentInRDBMS><![CDATA[Name of the cruise.]]></commentInRDBMS>
<ownerDesignName>oo_logical</ownerDesignName>
<engineerTo>
<item key="D8D394C7-8ABC-8C0A-4C3A-72102397E743" value="true"/>
</engineerTo>
<useDomainConstraints>false</useDomainConstraints>
<use>1</use>
<logicalDatatype>LOGDT024</logicalDatatype>
<dataTypeSize>50</dataTypeSize>
<ownDataTypeParameters>50,,</ownDataTypeParameters>
</Attribute>
<Attribute name="cruise_desc" id="77905FF1-7AEB-9DA6-EAE7-BFCF2192DE40">
<createdBy>User</createdBy>
<createdTime>2025-04-20 04:46:20 UTC</createdTime>
<commentInRDBMS><![CDATA[Description of the cruise.]]></commentInRDBMS>
<ownerDesignName>oo_logical</ownerDesignName>
<engineerTo>
<item key="D8D394C7-8ABC-8C0A-4C3A-72102397E743" value="true"/>
</engineerTo>
<useDomainConstraints>false</useDomainConstraints>
<use>1</use>
<logicalDatatype>LOGDT024</logicalDatatype>
<dataTypeSize>50</dataTypeSize>
<ownDataTypeParameters>50,,</ownDataTypeParameters>
</Attribute>
<Attribute name="cruise_depart_dt" id="E98453E7-A084-6B5F-7391-421CD63A7210">
<createdBy>User</createdBy>
<createdTime>2025-04-20 06:42:48 UTC</createdTime>
<commentInRDBMS><![CDATA[The departure time of a cruise]]></commentInRDBMS>
<ownerDesignName>oo_logical</ownerDesignName>
<engineerTo>
<item key="D8D394C7-8ABC-8C0A-4C3A-72102397E743" value="true"/>
</engineerTo>
<useDomainConstraints>false</useDomainConstraints>
<use>1</use>
<logicalDatatype>LOGDT007</logicalDatatype>
<ownDataTypeParameters>,,</ownDataTypeParameters>
</Attribute>
<Attribute name="cruise_cost_per_person" id="85646566-8DFF-2F0D-1067-9D82FA169C18">
<createdBy>User</createdBy>
<createdTime>2025-04-20 06:09:16 UTC</createdTime>
<commentInRDBMS><![CDATA[The cost of a cruise per person]]></commentInRDBMS>
<ownerDesignName>oo_logical</ownerDesignName>
<engineerTo>
<item key="D8D394C7-8ABC-8C0A-4C3A-72102397E743" value="true"/>
</engineerTo>
<useDomainConstraints>false</useDomainConstraints>
<use>1</use>
<logicalDatatype>LOGDT019</logicalDatatype>
<dataTypePrecision>6</dataTypePrecision>
<dataTypeScale>2</dataTypeScale>
<ownDataTypeParameters>,6,2</ownDataTypeParameters>
</Attribute>
<Attribute name="ship_code" id="49E6BAFF-B30D-3158-9069-D8A6CF7D2EE2">
<createdBy>User</createdBy>
<createdTime>2025-04-20 05:13:36 UTC</createdTime>
<commentInRDBMS><![CDATA[The code of the ship.]]></commentInRDBMS>
<generatorID>C16A104E-DD6E-6417-5C49-2E888321C7CF</generatorID>
<ownerDesignName>oo_logical</ownerDesignName>
<engineerTo>
<item key="D8D394C7-8ABC-8C0A-4C3A-72102397E743" value="true"/>
</engineerTo>
<referedAttribute>201B98EE-F3D1-DE3D-DCF1-7B89D424BC26</referedAttribute>
<useDomainConstraints>false</useDomainConstraints>
<use>1</use>
<logicalDatatype>LOGDT024</logicalDatatype>
<dataTypeSize>7</dataTypeSize>
<ownDataTypeParameters>7,,</ownDataTypeParameters>
</Attribute>
</attributes>
<identifiers itemClass="oracle.dbtools.crest.model.design.logical.CandidateKey">
<identifier id="BD794D0B-BA91-BEAC-BB00-365B45742FAB" name="CRUISE PK">
<createdBy>User</createdBy>
<createdTime>2025-04-20 04:45:15 UTC</createdTime>
<ownerDesignName>oo_logical</ownerDesignName>
<engineerTo>
<item key="D8D394C7-8ABC-8C0A-4C3A-72102397E743" value="true"/>
</engineerTo>
<pk>true</pk>
<usedAttributes>
<attributeRef>1E00A0B3-9B20-BDBF-DD8A-0C9771342D5D</attributeRef>
</usedAttributes>
</identifier>
</identifiers>
</Entity>
