<?xml version = '1.0' encoding = 'UTF-8'?>
<Entity class="oracle.dbtools.crest.model.design.logical.Entity" directorySegmentName="seg_0" id="2BF2B312-BA49-51A3-9084-70D8EDD8E5D2" name="PORT">
<createdBy>User</createdBy>
<createdTime>2025-04-20 05:41:41 UTC</createdTime>
<ownerDesignName>oo_logical</ownerDesignName>
<engineerTo>
<item key="D8D394C7-8ABC-8C0A-4C3A-72102397E743" value="true"/>
</engineerTo>
<adequatelyNormalized>NO</adequatelyNormalized>
<expectedVolumes>0</expectedVolumes>
<fwdEngineeringStrategyName>Single Table</fwdEngineeringStrategyName>
<growthPercent>0</growthPercent>
<growthType>Year</growthType>
<maxVolumes>9999999</maxVolumes>
<minVolumes>0</minVolumes>
<normalForm>Third</normalForm>
<attributes itemClass="oracle.dbtools.crest.model.design.logical.Attribute">
<Attribute name="port_code" id="196ED39D-B77E-5114-CF80-F87B1389C89B">
<createdBy>User</createdBy>
<createdTime>2025-04-20 05:41:46 UTC</createdTime>
<commentInRDBMS><![CDATA[The code of the port.]]></commentInRDBMS>
<ownerDesignName>oo_logical</ownerDesignName>
<engineerTo>
<item key="D8D394C7-8ABC-8C0A-4C3A-72102397E743" value="true"/>
</engineerTo>
<useDomainConstraints>false</useDomainConstraints>
<use>1</use>
<logicalDatatype>LOGDT025</logicalDatatype>
<dataTypeSize>5</dataTypeSize>
<ownDataTypeParameters>5,,</ownDataTypeParameters>
</Attribute>
<Attribute name="port_name" id="459376D3-6238-9A8F-0004-5A79AD2E7E9A">
<createdBy>User</createdBy>
<createdTime>2025-04-20 05:41:57 UTC</createdTime>
<commentInRDBMS><![CDATA[The name of the port.]]></commentInRDBMS>
<ownerDesignName>oo_logical</ownerDesignName>
<engineerTo>
<item key="D8D394C7-8ABC-8C0A-4C3A-72102397E743" value="true"/>
</engineerTo>
<useDomainConstraints>false</useDomainConstraints>
<use>1</use>
<logicalDatatype>LOGDT024</logicalDatatype>
<dataTypeSize>50</dataTypeSize>
<ownDataTypeParameters>50,,</ownDataTypeParameters>
</Attribute>
<Attribute name="port_latitude" id="2A0A643E-A6AD-7894-A05C-C69CB5F34BFC">
<createdBy>User</createdBy>
<createdTime>2025-04-20 05:42:18 UTC</createdTime>
<commentInRDBMS><![CDATA[The latitude of the port.]]></commentInRDBMS>
<ownerDesignName>oo_logical</ownerDesignName>
<engineerTo>
<item key="D8D394C7-8ABC-8C0A-4C3A-72102397E743" value="true"/>
</engineerTo>
<useDomainConstraints>false</useDomainConstraints>
<use>1</use>
<logicalDatatype>LOGDT019</logicalDatatype>
<dataTypePrecision>8</dataTypePrecision>
<dataTypeScale>6</dataTypeScale>
<ownDataTypeParameters>,8,6</ownDataTypeParameters>
</Attribute>
<Attribute name="port_longitude" id="080C9BEB-9B7B-D26A-DD99-B2614AB685F3">
<createdBy>User</createdBy>
<createdTime>2025-04-20 05:43:43 UTC</createdTime>
<commentInRDBMS><![CDATA[The longitude of the port.]]></commentInRDBMS>
<ownerDesignName>oo_logical</ownerDesignName>
<engineerTo>
<item key="D8D394C7-8ABC-8C0A-4C3A-72102397E743" value="true"/>
</engineerTo>
<useDomainConstraints>false</useDomainConstraints>
<use>1</use>
<logicalDatatype>LOGDT019</logicalDatatype>
<dataTypePrecision>9</dataTypePrecision>
<dataTypeScale>6</dataTypeScale>
<ownDataTypeParameters>,9,6</ownDataTypeParameters>
</Attribute>
<Attribute name="country_code" id="DB573E7A-85A7-A7EB-E7DE-F15C12ED29B7">
<createdBy>User</createdBy>
<createdTime>2025-04-20 05:51:26 UTC</createdTime>
<commentInRDBMS><![CDATA[The code of a country.]]></commentInRDBMS>
<generatorID>E4C84BF2-A5CC-25ED-6BC4-CBCB628462C6</generatorID>
<ownerDesignName>oo_logical</ownerDesignName>
<engineerTo>
<item key="D8D394C7-8ABC-8C0A-4C3A-72102397E743" value="true"/>
</engineerTo>
<referedAttribute>4C089340-AFF0-5F0F-94D6-47CA00844896</referedAttribute>
<useDomainConstraints>false</useDomainConstraints>
<use>1</use>
<logicalDatatype>LOGDT025</logicalDatatype>
<dataTypeSize>3</dataTypeSize>
<ownDataTypeParameters>3,,</ownDataTypeParameters>
</Attribute>
</attributes>
<identifiers itemClass="oracle.dbtools.crest.model.design.logical.CandidateKey">
<identifier id="87C99BCC-EB7D-9F26-187D-2B4DA754C306" name="PORT PK">
<createdBy>User</createdBy>
<createdTime>2025-04-20 05:41:52 UTC</createdTime>
<ownerDesignName>oo_logical</ownerDesignName>
<engineerTo>
<item key="D8D394C7-8ABC-8C0A-4C3A-72102397E743" value="true"/>
</engineerTo>
<pk>true</pk>
<usedAttributes>
<attributeRef>196ED39D-B77E-5114-CF80-F87B1389C89B</attributeRef>
</usedAttributes>
</identifier>
</identifiers>
</Entity>
