<?xml version = '1.0' encoding = 'UTF-8'?>
<Entity class="oracle.dbtools.crest.model.design.logical.Entity" directorySegmentName="seg_0" id="3F4D5B39-D9AE-3D8A-E65B-57AE4A7FC338" name="SHIP">
<createdBy>User</createdBy>
<createdTime>2025-04-20 04:49:39 UTC</createdTime>
<ownerDesignName>oo_logical</ownerDesignName>
<engineerTo>
<item key="D8D394C7-8ABC-8C0A-4C3A-72102397E743" value="true"/>
</engineerTo>
<adequatelyNormalized>NO</adequatelyNormalized>
<expectedVolumes>0</expectedVolumes>
<fwdEngineeringStrategyName>Single Table</fwdEngineeringStrategyName>
<growthPercent>0</growthPercent>
<growthType>Year</growthType>
<maxVolumes>9999999</maxVolumes>
<minVolumes>0</minVolumes>
<normalForm>Third</normalForm>
<attributes itemClass="oracle.dbtools.crest.model.design.logical.Attribute">
<Attribute name="ship_code" id="201B98EE-F3D1-DE3D-DCF1-7B89D424BC26">
<createdBy>User</createdBy>
<createdTime>2025-04-20 04:49:57 UTC</createdTime>
<commentInRDBMS><![CDATA[The code of the ship.]]></commentInRDBMS>
<ownerDesignName>oo_logical</ownerDesignName>
<engineerTo>
<item key="D8D394C7-8ABC-8C0A-4C3A-72102397E743" value="true"/>
</engineerTo>
<useDomainConstraints>false</useDomainConstraints>
<use>1</use>
<logicalDatatype>LOGDT024</logicalDatatype>
<dataTypeSize>7</dataTypeSize>
<ownDataTypeParameters>7,,</ownDataTypeParameters>
</Attribute>
<Attribute name="ship_name" id="0C555B76-3A37-FA10-2DF4-8AE6BF38F797">
<createdBy>User</createdBy>
<createdTime>2025-04-20 04:50:35 UTC</createdTime>
<commentInRDBMS><![CDATA[The name of the ship.]]></commentInRDBMS>
<ownerDesignName>oo_logical</ownerDesignName>
<engineerTo>
<item key="D8D394C7-8ABC-8C0A-4C3A-72102397E743" value="true"/>
</engineerTo>
<useDomainConstraints>false</useDomainConstraints>
<use>1</use>
<logicalDatatype>LOGDT024</logicalDatatype>
<dataTypeSize>50</dataTypeSize>
<ownDataTypeParameters>50,,</ownDataTypeParameters>
</Attribute>
<Attribute name="ship_comission_date" id="43AE556E-8C14-511A-5E18-13B26679AF18">
<createdBy>User</createdBy>
<createdTime>2025-04-20 04:50:55 UTC</createdTime>
<commentInRDBMS><![CDATA[The date the ship was comissioned]]></commentInRDBMS>
<ownerDesignName>oo_logical</ownerDesignName>
<engineerTo>
<item key="D8D394C7-8ABC-8C0A-4C3A-72102397E743" value="true"/>
</engineerTo>
<useDomainConstraints>false</useDomainConstraints>
<use>1</use>
<logicalDatatype>LOGDT007</logicalDatatype>
<ownDataTypeParameters>,,</ownDataTypeParameters>
</Attribute>
<Attribute name="ship_tonnage" id="E31D6113-C816-2FE8-228B-2D1F428EA5F9">
<createdBy>User</createdBy>
<createdTime>2025-04-20 04:51:31 UTC</createdTime>
<commentInRDBMS><![CDATA[The tonnage of the ship.]]></commentInRDBMS>
<ownerDesignName>oo_logical</ownerDesignName>
<engineerTo>
<item key="D8D394C7-8ABC-8C0A-4C3A-72102397E743" value="true"/>
</engineerTo>
<useDomainConstraints>false</useDomainConstraints>
<use>1</use>
<logicalDatatype>LOGDT019</logicalDatatype>
<dataTypePrecision>8</dataTypePrecision>
<dataTypeScale>2</dataTypeScale>
<ownDataTypeParameters>,8,2</ownDataTypeParameters>
</Attribute>
<Attribute name="ship_max_guest_capa" id="5A363631-DFBF-C05A-FC2E-909A7E6CC415">
<createdBy>User</createdBy>
<createdTime>2025-04-20 04:51:48 UTC</createdTime>
<commentInRDBMS><![CDATA[The ship's maximum passenger capacity.]]></commentInRDBMS>
<ownerDesignName>oo_logical</ownerDesignName>
<engineerTo>
<item key="D8D394C7-8ABC-8C0A-4C3A-72102397E743" value="true"/>
</engineerTo>
<useDomainConstraints>false</useDomainConstraints>
<use>1</use>
<logicalDatatype>LOGDT019</logicalDatatype>
<dataTypePrecision>5</dataTypePrecision>
<ownDataTypeParameters>,5,</ownDataTypeParameters>
</Attribute>
<Attribute name="operator_id" id="ACAF4D15-42AE-E6A4-1092-1F360A997279">
<createdBy>User</createdBy>
<createdTime>2025-04-20 05:14:17 UTC</createdTime>
<commentInRDBMS><![CDATA[The operator ID.]]></commentInRDBMS>
<generatorID>1F5B732F-8FA6-A387-0E6D-594546013E41</generatorID>
<ownerDesignName>oo_logical</ownerDesignName>
<engineerTo>
<item key="D8D394C7-8ABC-8C0A-4C3A-72102397E743" value="true"/>
</engineerTo>
<referedAttribute>BA83A458-7819-7343-DD1C-B90099D70B4D</referedAttribute>
<useDomainConstraints>false</useDomainConstraints>
<use>1</use>
<logicalDatatype>LOGDT019</logicalDatatype>
<dataTypePrecision>7</dataTypePrecision>
<ownDataTypeParameters>,,</ownDataTypeParameters>
</Attribute>
<Attribute name="country_code" id="50145ACB-2197-92D3-B61B-ABE68A8669BA">
<createdBy>User</createdBy>
<createdTime>2025-04-20 05:54:10 UTC</createdTime>
<commentInRDBMS><![CDATA[The code of a country.]]></commentInRDBMS>
<generatorID>CC672781-3277-92CD-5FC3-E084BF49E262</generatorID>
<ownerDesignName>oo_logical</ownerDesignName>
<engineerTo>
<item key="D8D394C7-8ABC-8C0A-4C3A-72102397E743" value="true"/>
</engineerTo>
<referedAttribute>4C089340-AFF0-5F0F-94D6-47CA00844896</referedAttribute>
<useDomainConstraints>false</useDomainConstraints>
<use>1</use>
<logicalDatatype>LOGDT025</logicalDatatype>
<dataTypeSize>3</dataTypeSize>
<ownDataTypeParameters>,,</ownDataTypeParameters>
</Attribute>
</attributes>
<identifiers itemClass="oracle.dbtools.crest.model.design.logical.CandidateKey">
<identifier id="4980151D-CC6F-5D5C-5703-35D214D733ED" name="SHIP PK">
<createdBy>User</createdBy>
<createdTime>2025-04-20 04:50:30 UTC</createdTime>
<ownerDesignName>oo_logical</ownerDesignName>
<engineerTo>
<item key="D8D394C7-8ABC-8C0A-4C3A-72102397E743" value="true"/>
</engineerTo>
<pk>true</pk>
<usedAttributes>
<attributeRef>201B98EE-F3D1-DE3D-DCF1-7B89D424BC26</attributeRef>
</usedAttributes>
</identifier>
</identifiers>
</Entity>
