<?xml version = '1.0' encoding = 'UTF-8'?>
<Entity class="oracle.dbtools.crest.model.design.logical.Entity" directorySegmentName="seg_0" id="47D24074-2167-1112-BE68-20C3DB32F015" name="OPERATOR">
<createdBy>User</createdBy>
<createdTime>2025-04-20 04:58:49 UTC</createdTime>
<ownerDesignName>oo_logical</ownerDesignName>
<engineerTo>
<item key="D8D394C7-8ABC-8C0A-4C3A-72102397E743" value="true"/>
</engineerTo>
<adequatelyNormalized>NO</adequatelyNormalized>
<expectedVolumes>0</expectedVolumes>
<fwdEngineeringStrategyName>Single Table</fwdEngineeringStrategyName>
<growthPercent>0</growthPercent>
<growthType>Year</growthType>
<maxVolumes>9999999</maxVolumes>
<minVolumes>0</minVolumes>
<normalForm>Third</normalForm>
<attributes itemClass="oracle.dbtools.crest.model.design.logical.Attribute">
<Attribute name="operator_id" id="BA83A458-7819-7343-DD1C-B90099D70B4D">
<createdBy>User</createdBy>
<createdTime>2025-04-20 04:58:55 UTC</createdTime>
<commentInRDBMS><![CDATA[The operator ID.]]></commentInRDBMS>
<ownerDesignName>oo_logical</ownerDesignName>
<engineerTo>
<item key="D8D394C7-8ABC-8C0A-4C3A-72102397E743" value="true"/>
</engineerTo>
<useDomainConstraints>false</useDomainConstraints>
<use>1</use>
<logicalDatatype>LOGDT019</logicalDatatype>
<dataTypePrecision>7</dataTypePrecision>
<ownDataTypeParameters>,7,</ownDataTypeParameters>
</Attribute>
<Attribute name="operator_name" id="BB375DF8-7F3B-EF09-48B7-BC84DE0BBC6D">
<createdBy>User</createdBy>
<createdTime>2025-04-20 04:59:33 UTC</createdTime>
<commentInRDBMS><![CDATA[The name of the operator company.]]></commentInRDBMS>
<ownerDesignName>oo_logical</ownerDesignName>
<engineerTo>
<item key="D8D394C7-8ABC-8C0A-4C3A-72102397E743" value="true"/>
</engineerTo>
<useDomainConstraints>false</useDomainConstraints>
<use>1</use>
<logicalDatatype>LOGDT024</logicalDatatype>
<dataTypeSize>50</dataTypeSize>
<ownDataTypeParameters>50,,</ownDataTypeParameters>
</Attribute>
<Attribute name="operator_ceo_name" id="55E2A49C-5DCF-A63E-4E5E-B1556CCBC4ED">
<createdBy>User</createdBy>
<createdTime>2025-04-20 04:59:41 UTC</createdTime>
<commentInRDBMS><![CDATA[The name of the operator CEO.]]></commentInRDBMS>
<ownerDesignName>oo_logical</ownerDesignName>
<engineerTo>
<item key="D8D394C7-8ABC-8C0A-4C3A-72102397E743" value="true"/>
</engineerTo>
<useDomainConstraints>false</useDomainConstraints>
<use>1</use>
<logicalDatatype>LOGDT024</logicalDatatype>
<dataTypeSize>50</dataTypeSize>
<ownDataTypeParameters>50,,</ownDataTypeParameters>
</Attribute>
</attributes>
<identifiers itemClass="oracle.dbtools.crest.model.design.logical.CandidateKey">
<identifier id="0A6677A1-3C5D-71F2-D29B-FB0B342887CB" name="OPERATOR PK">
<createdBy>User</createdBy>
<createdTime>2025-04-20 04:59:00 UTC</createdTime>
<ownerDesignName>oo_logical</ownerDesignName>
<engineerTo>
<item key="D8D394C7-8ABC-8C0A-4C3A-72102397E743" value="true"/>
</engineerTo>
<pk>true</pk>
<usedAttributes>
<attributeRef>BA83A458-7819-7343-DD1C-B90099D70B4D</attributeRef>
</usedAttributes>
</identifier>
</identifiers>
</Entity>
