<?xml version = '1.0' encoding = 'UTF-8'?>
<Entity class="oracle.dbtools.crest.model.design.logical.Entity" directorySegmentName="seg_0" id="501C0847-7CBD-498B-F292-D12D324532D7" name="CABIN">
<createdBy>User</createdBy>
<createdTime>2025-04-20 04:53:15 UTC</createdTime>
<ownerDesignName>oo_logical</ownerDesignName>
<engineerTo>
<item key="D8D394C7-8ABC-8C0A-4C3A-72102397E743" value="true"/>
</engineerTo>
<adequatelyNormalized>NO</adequatelyNormalized>
<expectedVolumes>0</expectedVolumes>
<fwdEngineeringStrategyName>Single Table</fwdEngineeringStrategyName>
<growthPercent>0</growthPercent>
<growthType>Year</growthType>
<maxVolumes>9999999</maxVolumes>
<minVolumes>0</minVolumes>
<normalForm>Third</normalForm>
<attributes itemClass="oracle.dbtools.crest.model.design.logical.Attribute">
<Attribute name="cabin_no" id="69580BB8-7E99-986B-3A5A-29AC34D15760">
<createdBy>User</createdBy>
<createdTime>2025-04-20 04:53:23 UTC</createdTime>
<commentInRDBMS><![CDATA[Cabin number of the cabin.]]></commentInRDBMS>
<ownerDesignName>oo_logical</ownerDesignName>
<engineerTo>
<item key="D8D394C7-8ABC-8C0A-4C3A-72102397E743" value="true"/>
</engineerTo>
<useDomainConstraints>false</useDomainConstraints>
<use>1</use>
<logicalDatatype>LOGDT024</logicalDatatype>
<dataTypeSize>3</dataTypeSize>
<ownDataTypeParameters>3,,</ownDataTypeParameters>
</Attribute>
<Attribute name="ship_code" id="D986E52E-CB1E-32D3-3110-C942DAD9C216">
<createdBy>User</createdBy>
<createdTime>2025-04-20 05:13:59 UTC</createdTime>
<commentInRDBMS><![CDATA[The code of the ship.]]></commentInRDBMS>
<generatorID>9EFC01B3-C79B-3C2E-1DEE-FF4788604EA2</generatorID>
<ownerDesignName>oo_logical</ownerDesignName>
<engineerTo>
<item key="D8D394C7-8ABC-8C0A-4C3A-72102397E743" value="true"/>
</engineerTo>
<referedAttribute>201B98EE-F3D1-DE3D-DCF1-7B89D424BC26</referedAttribute>
<useDomainConstraints>false</useDomainConstraints>
<use>1</use>
<logicalDatatype>LOGDT024</logicalDatatype>
<dataTypeSize>7</dataTypeSize>
<ownDataTypeParameters>,,</ownDataTypeParameters>
</Attribute>
<Attribute name="cabin_sleep_capa" id="98BA777C-DFBD-0CE0-B051-C03449AE7C5F">
<createdBy>User</createdBy>
<createdTime>2025-04-20 04:53:36 UTC</createdTime>
<commentInRDBMS><![CDATA[The sleeping capacity of a cabin.]]></commentInRDBMS>
<ownerDesignName>oo_logical</ownerDesignName>
<engineerTo>
<item key="D8D394C7-8ABC-8C0A-4C3A-72102397E743" value="true"/>
</engineerTo>
<useDomainConstraints>false</useDomainConstraints>
<use>1</use>
<logicalDatatype>LOGDT019</logicalDatatype>
<dataTypePrecision>2</dataTypePrecision>
<ownDataTypeParameters>,2,</ownDataTypeParameters>
</Attribute>
<Attribute name="cabin_class" id="183C68D0-B59D-DF72-C4DE-C0FC7A994502">
<createdBy>User</createdBy>
<createdTime>2025-04-20 04:54:04 UTC</createdTime>
<commentInRDBMS><![CDATA[Class of the cabin which is either 'I' for ' Interior', 'O' for 'Ocean view', 'B' for  'Balcony' or 'S' for ' Suite'.]]></commentInRDBMS>
<ownerDesignName>oo_logical</ownerDesignName>
<engineerTo>
<item key="D8D394C7-8ABC-8C0A-4C3A-72102397E743" value="true"/>
</engineerTo>
<constraintName>chk_cabin_class</constraintName>
<useDomainConstraints>false</useDomainConstraints>
<use>1</use>
<logicalDatatype>LOGDT025</logicalDatatype>
<dataTypeSize>1</dataTypeSize>
<listOfValues>
<valueDef value="B" description="Balcony"/>
<valueDef value="I" description="Interior"/>
<valueDef value="O" description="Ocean view"/>
<valueDef value="S" description="Suite"/>
</listOfValues>
<ownDataTypeParameters>1,,</ownDataTypeParameters>
</Attribute>
</attributes>
<identifiers itemClass="oracle.dbtools.crest.model.design.logical.CandidateKey">
<identifier id="AC60444A-0B09-5BE4-5B10-0E44451382E4" name="CABIN PK">
<createdBy>User</createdBy>
<createdTime>2025-04-20 04:53:35 UTC</createdTime>
<ownerDesignName>oo_logical</ownerDesignName>
<engineerTo>
<item key="D8D394C7-8ABC-8C0A-4C3A-72102397E743" value="true"/>
</engineerTo>
<pk>true</pk>
<usedAttributes>
<attributeRef>69580BB8-7E99-986B-3A5A-29AC34D15760</attributeRef>
<attributeRef>D986E52E-CB1E-32D3-3110-C942DAD9C216</attributeRef>
</usedAttributes>
</identifier>
</identifiers>
</Entity>
