<?xml version = '1.0' encoding = 'UTF-8'?>
<Entity class="oracle.dbtools.crest.model.design.logical.Entity" directorySegmentName="seg_0" id="53968A70-D7B3-956E-1C07-43E90F4CA6A6" name="ADDRESS">
<createdBy>User</createdBy>
<createdTime>2025-04-20 04:56:28 UTC</createdTime>
<ownerDesignName>oo_logical</ownerDesignName>
<engineerTo>
<item key="D8D394C7-8ABC-8C0A-4C3A-72102397E743" value="true"/>
</engineerTo>
<adequatelyNormalized>NO</adequatelyNormalized>
<expectedVolumes>0</expectedVolumes>
<fwdEngineeringStrategyName>Single Table</fwdEngineeringStrategyName>
<growthPercent>0</growthPercent>
<growthType>Year</growthType>
<maxVolumes>9999999</maxVolumes>
<minVolumes>0</minVolumes>
<normalForm>Third</normalForm>
<attributes itemClass="oracle.dbtools.crest.model.design.logical.Attribute">
<Attribute name="addr_id" id="53CBB7A0-FDFA-B7CB-1CC9-C8011292F504">
<createdBy>User</createdBy>
<createdTime>2025-04-20 05:23:11 UTC</createdTime>
<commentInRDBMS><![CDATA[A surrogate key]]></commentInRDBMS>
<ownerDesignName>oo_logical</ownerDesignName>
<engineerTo>
<item key="D8D394C7-8ABC-8C0A-4C3A-72102397E743" value="true"/>
</engineerTo>
<useDomainConstraints>false</useDomainConstraints>
<use>1</use>
<logicalDatatype>LOGDT019</logicalDatatype>
<dataTypePrecision>7</dataTypePrecision>
<ownDataTypeParameters>,7,</ownDataTypeParameters>
</Attribute>
<Attribute name="addr_street" id="7AA80D88-FF31-2FA0-B517-084FC6FD0436">
<createdBy>User</createdBy>
<createdTime>2025-04-20 04:56:34 UTC</createdTime>
<commentInRDBMS><![CDATA[The street name of the address.]]></commentInRDBMS>
<ownerDesignName>oo_logical</ownerDesignName>
<engineerTo>
<item key="D8D394C7-8ABC-8C0A-4C3A-72102397E743" value="true"/>
</engineerTo>
<useDomainConstraints>false</useDomainConstraints>
<use>1</use>
<logicalDatatype>LOGDT024</logicalDatatype>
<dataTypeSize>30</dataTypeSize>
<ownDataTypeParameters>30,,</ownDataTypeParameters>
</Attribute>
<Attribute name="addr_town" id="AE02CD2B-D765-3B3C-ABA6-5A73BBE55F54">
<createdBy>User</createdBy>
<createdTime>2025-04-20 04:57:00 UTC</createdTime>
<commentInRDBMS><![CDATA[The town name of the address.]]></commentInRDBMS>
<ownerDesignName>oo_logical</ownerDesignName>
<engineerTo>
<item key="D8D394C7-8ABC-8C0A-4C3A-72102397E743" value="true"/>
</engineerTo>
<useDomainConstraints>false</useDomainConstraints>
<use>1</use>
<logicalDatatype>LOGDT024</logicalDatatype>
<dataTypeSize>30</dataTypeSize>
<ownDataTypeParameters>30,,</ownDataTypeParameters>
</Attribute>
<Attribute name="addr_postcode" id="E3BEB183-01DA-785D-D8CF-76CC36C517A9">
<createdBy>User</createdBy>
<createdTime>2025-04-20 04:57:24 UTC</createdTime>
<commentInRDBMS><![CDATA[The postcode of the address.]]></commentInRDBMS>
<ownerDesignName>oo_logical</ownerDesignName>
<engineerTo>
<item key="D8D394C7-8ABC-8C0A-4C3A-72102397E743" value="true"/>
</engineerTo>
<useDomainConstraints>false</useDomainConstraints>
<use>1</use>
<logicalDatatype>LOGDT024</logicalDatatype>
<dataTypeSize>10</dataTypeSize>
<ownDataTypeParameters>10,,</ownDataTypeParameters>
</Attribute>
<Attribute name="country_code" id="A46FDBD8-CD77-0824-4404-68FEFD1DD504">
<createdBy>User</createdBy>
<createdTime>2025-04-30 04:21:28 UTC</createdTime>
<commentInRDBMS><![CDATA[The code of a country.]]></commentInRDBMS>
<generatorID>83CA41CD-14ED-B93C-617E-5440B7944631</generatorID>
<ownerDesignName>oo_logical</ownerDesignName>
<engineerTo>
<item key="D8D394C7-8ABC-8C0A-4C3A-72102397E743" value="true"/>
</engineerTo>
<referedAttribute>4C089340-AFF0-5F0F-94D6-47CA00844896</referedAttribute>
<useDomainConstraints>false</useDomainConstraints>
<use>1</use>
<logicalDatatype>LOGDT025</logicalDatatype>
<dataTypeSize>3</dataTypeSize>
<ownDataTypeParameters>,,</ownDataTypeParameters>
</Attribute>
</attributes>
<identifiers itemClass="oracle.dbtools.crest.model.design.logical.CandidateKey">
<identifier id="F7A03A71-0035-FD84-4D0B-15E115025B2B" name="ADDRESS PK">
<createdBy>User</createdBy>
<createdTime>2025-04-20 04:56:57 UTC</createdTime>
<ownerDesignName>oo_logical</ownerDesignName>
<engineerTo>
<item key="D8D394C7-8ABC-8C0A-4C3A-72102397E743" value="true"/>
</engineerTo>
<pk>true</pk>
<usedAttributes>
<attributeRef>53CBB7A0-FDFA-B7CB-1CC9-C8011292F504</attributeRef>
</usedAttributes>
</identifier>
<identifier id="9265E09E-4DE1-4420-1050-DE636A0B854E" name="ADDRESS NK">
<createdBy>User</createdBy>
<createdTime>2025-04-20 05:24:15 UTC</createdTime>
<ownerDesignName>oo_logical</ownerDesignName>
<engineerTo>
<item key="D8D394C7-8ABC-8C0A-4C3A-72102397E743" value="true"/>
</engineerTo>
<newElementsIDs>7AA80D88-FF31-2FA0-B517-084FC6FD0436,AE02CD2B-D765-3B3C-ABA6-5A73BBE55F54,E3BEB183-01DA-785D-D8CF-76CC36C517A9,83CA41CD-14ED-B93C-617E-5440B7944631</newElementsIDs>
<usedAttributes>
<attributeRef>7AA80D88-FF31-2FA0-B517-084FC6FD0436</attributeRef>
<attributeRef>AE02CD2B-D765-3B3C-ABA6-5A73BBE55F54</attributeRef>
<attributeRef>E3BEB183-01DA-785D-D8CF-76CC36C517A9</attributeRef>
<attributeRef>A46FDBD8-CD77-0824-4404-68FEFD1DD504</attributeRef>
</usedAttributes>
</identifier>
</identifiers>
</Entity>
