<?xml version = '1.0' encoding = 'UTF-8'?>
<Entity class="oracle.dbtools.crest.model.design.logical.Entity" directorySegmentName="seg_0" id="5E5166DD-623B-FC96-3963-BDC0E8CEA4E0" name="PASSENGER">
<createdBy>User</createdBy>
<createdTime>2025-04-20 04:39:03 UTC</createdTime>
<ownerDesignName>oo_logical</ownerDesignName>
<engineerTo>
<item key="D8D394C7-8ABC-8C0A-4C3A-72102397E743" value="true"/>
</engineerTo>
<adequatelyNormalized>NO</adequatelyNormalized>
<expectedVolumes>0</expectedVolumes>
<fwdEngineeringStrategyName>Single Table</fwdEngineeringStrategyName>
<growthPercent>0</growthPercent>
<growthType>Year</growthType>
<maxVolumes>9999999</maxVolumes>
<minVolumes>0</minVolumes>
<normalForm>Third</normalForm>
<attributes itemClass="oracle.dbtools.crest.model.design.logical.Attribute">
<Attribute name="passenger_id" id="035B3F69-A8DD-0B74-BF7B-90754FA7DB68">
<createdBy>User</createdBy>
<createdTime>2025-04-20 04:39:10 UTC</createdTime>
<commentInRDBMS><![CDATA[The ID of the passenger who made their cruise booking.]]></commentInRDBMS>
<ownerDesignName>oo_logical</ownerDesignName>
<engineerTo>
<item key="D8D394C7-8ABC-8C0A-4C3A-72102397E743" value="true"/>
</engineerTo>
<useDomainConstraints>false</useDomainConstraints>
<use>1</use>
<logicalDatatype>LOGDT019</logicalDatatype>
<dataTypePrecision>7</dataTypePrecision>
<ownDataTypeParameters>,7,</ownDataTypeParameters>
</Attribute>
<Attribute name="passenger_fname" id="157C5E8B-2319-BD05-3D08-2A10F6498670">
<createdBy>User</createdBy>
<createdTime>2025-04-20 04:39:44 UTC</createdTime>
<commentInRDBMS><![CDATA[First name of the passenger.]]></commentInRDBMS>
<ownerDesignName>oo_logical</ownerDesignName>
<engineerTo>
<item key="D8D394C7-8ABC-8C0A-4C3A-72102397E743" value="true"/>
</engineerTo>
<nullsAllowed>true</nullsAllowed>
<useDomainConstraints>false</useDomainConstraints>
<use>1</use>
<logicalDatatype>LOGDT024</logicalDatatype>
<dataTypeSize>25</dataTypeSize>
<ownDataTypeParameters>25,,</ownDataTypeParameters>
</Attribute>
<Attribute name="passenger_lname" id="55AA10BE-92F4-CDF5-E45D-2F9EF5486EE7">
<createdBy>User</createdBy>
<createdTime>2025-04-20 04:41:01 UTC</createdTime>
<commentInRDBMS><![CDATA[Last name of the passenger.]]></commentInRDBMS>
<ownerDesignName>oo_logical</ownerDesignName>
<engineerTo>
<item key="D8D394C7-8ABC-8C0A-4C3A-72102397E743" value="true"/>
</engineerTo>
<nullsAllowed>true</nullsAllowed>
<useDomainConstraints>false</useDomainConstraints>
<use>1</use>
<logicalDatatype>LOGDT024</logicalDatatype>
<dataTypeSize>25</dataTypeSize>
<ownDataTypeParameters>25,,</ownDataTypeParameters>
</Attribute>
<Attribute name="passenger_gender" id="255A8F0F-0D41-A1BB-D764-C2E37EA2CA9B">
<createdBy>User</createdBy>
<createdTime>2025-04-20 04:41:22 UTC</createdTime>
<commentInRDBMS><![CDATA[Record the gender of passenger as 'F' for 'Female', 'M' for 'Male' and 'N' for 'Prefer not to say'.]]></commentInRDBMS>
<ownerDesignName>oo_logical</ownerDesignName>
<engineerTo>
<item key="D8D394C7-8ABC-8C0A-4C3A-72102397E743" value="true"/>
</engineerTo>
<constraintName>chk_gender</constraintName>
<useDomainConstraints>false</useDomainConstraints>
<use>1</use>
<logicalDatatype>LOGDT025</logicalDatatype>
<dataTypeSize>1</dataTypeSize>
<listOfValues>
<valueDef value="F" description="Female"/>
<valueDef value="M" description="Male"/>
<valueDef value="N" description="Prefer not to say"/>
</listOfValues>
<ownDataTypeParameters>1,,</ownDataTypeParameters>
</Attribute>
<Attribute name="passenger_dob" id="521F6B4C-FB3E-D347-5A75-FA1187DB29C7">
<createdBy>User</createdBy>
<createdTime>2025-04-20 04:41:54 UTC</createdTime>
<commentInRDBMS><![CDATA[Passenger's date of birth.]]></commentInRDBMS>
<ownerDesignName>oo_logical</ownerDesignName>
<engineerTo>
<item key="D8D394C7-8ABC-8C0A-4C3A-72102397E743" value="true"/>
</engineerTo>
<useDomainConstraints>false</useDomainConstraints>
<use>1</use>
<logicalDatatype>LOGDT007</logicalDatatype>
<ownDataTypeParameters>,,</ownDataTypeParameters>
</Attribute>
<Attribute name="passenger_phone" id="8EA91768-08A5-00B9-8EF9-133753C1E076">
<createdBy>User</createdBy>
<createdTime>2025-04-20 05:27:25 UTC</createdTime>
<commentInRDBMS><![CDATA[The phone number of passengers who are above 18 years old]]></commentInRDBMS>
<ownerDesignName>oo_logical</ownerDesignName>
<engineerTo>
<item key="D8D394C7-8ABC-8C0A-4C3A-72102397E743" value="true"/>
</engineerTo>
<nullsAllowed>true</nullsAllowed>
<useDomainConstraints>false</useDomainConstraints>
<use>1</use>
<logicalDatatype>LOGDT024</logicalDatatype>
<dataTypeSize>15</dataTypeSize>
<ownDataTypeParameters>15,,</ownDataTypeParameters>
</Attribute>
<Attribute name="passenger_guard_id" id="A2BC7195-125D-352C-7E50-67E591C65AA8">
<createdBy>User</createdBy>
<createdTime>2025-04-20 05:16:21 UTC</createdTime>
<commentInRDBMS><![CDATA[The ID of the passenger who made their cruise booking.]]></commentInRDBMS>
<generatorID>2AAD9C51-9178-3CAC-6CA5-28A4644B2A8D</generatorID>
<ownerDesignName>oo_logical</ownerDesignName>
<engineerTo>
<item key="D8D394C7-8ABC-8C0A-4C3A-72102397E743" value="true"/>
</engineerTo>
<nullsAllowed>true</nullsAllowed>
<referedAttribute>035B3F69-A8DD-0B74-BF7B-90754FA7DB68</referedAttribute>
<useDomainConstraints>false</useDomainConstraints>
<use>1</use>
<logicalDatatype>LOGDT019</logicalDatatype>
<dataTypePrecision>7</dataTypePrecision>
<ownDataTypeParameters>,,</ownDataTypeParameters>
</Attribute>
<Attribute name="addr_id" id="3DBF3118-21EA-8131-EF3F-0821801B7609">
<createdBy>User</createdBy>
<createdTime>2025-04-20 05:23:50 UTC</createdTime>
<commentInRDBMS><![CDATA[A surrogate key]]></commentInRDBMS>
<generatorID>7922F3E8-BCF2-DDB2-867C-766A5EAB729A</generatorID>
<ownerDesignName>oo_logical</ownerDesignName>
<engineerTo>
<item key="D8D394C7-8ABC-8C0A-4C3A-72102397E743" value="true"/>
</engineerTo>
<referedAttribute>53CBB7A0-FDFA-B7CB-1CC9-C8011292F504</referedAttribute>
<useDomainConstraints>false</useDomainConstraints>
<use>1</use>
<logicalDatatype>LOGDT019</logicalDatatype>
<dataTypePrecision>7</dataTypePrecision>
<ownDataTypeParameters>,,</ownDataTypeParameters>
</Attribute>
</attributes>
<identifiers itemClass="oracle.dbtools.crest.model.design.logical.CandidateKey">
<identifier id="80563849-AA55-CEEA-7AAF-051E74FCECC7" name="PASSENGER PK">
<createdBy>User</createdBy>
<createdTime>2025-04-20 04:39:25 UTC</createdTime>
<ownerDesignName>oo_logical</ownerDesignName>
<engineerTo>
<item key="D8D394C7-8ABC-8C0A-4C3A-72102397E743" value="true"/>
</engineerTo>
<pk>true</pk>
<usedAttributes>
<attributeRef>035B3F69-A8DD-0B74-BF7B-90754FA7DB68</attributeRef>
</usedAttributes>
</identifier>
</identifiers>
</Entity>
