<?xml version = '1.0' encoding = 'UTF-8'?>
<Entity class="oracle.dbtools.crest.model.design.logical.Entity" directorySegmentName="seg_0" id="705DDEDC-2001-1023-E068-DCEB502D8512" name="ITINERARY">
<createdBy>User</createdBy>
<createdTime>2025-04-20 05:38:52 UTC</createdTime>
<ownerDesignName>oo_logical</ownerDesignName>
<engineerTo>
<item key="D8D394C7-8ABC-8C0A-4C3A-72102397E743" value="true"/>
</engineerTo>
<adequatelyNormalized>NO</adequatelyNormalized>
<expectedVolumes>0</expectedVolumes>
<fwdEngineeringStrategyName>Single Table</fwdEngineeringStrategyName>
<growthPercent>0</growthPercent>
<growthType>Year</growthType>
<maxVolumes>9999999</maxVolumes>
<minVolumes>0</minVolumes>
<normalForm>Third</normalForm>
<attributes itemClass="oracle.dbtools.crest.model.design.logical.Attribute">
<Attribute name="itinerary_dep_arr_datetime" id="4C2E5E48-699C-623A-67D2-C7050A29EC8B">
<createdBy>User</createdBy>
<createdTime>2025-04-20 05:38:59 UTC</createdTime>
<commentInRDBMS><![CDATA[Records the departure/ arrival datetime of a cruise]]></commentInRDBMS>
<ownerDesignName>oo_logical</ownerDesignName>
<engineerTo>
<item key="D8D394C7-8ABC-8C0A-4C3A-72102397E743" value="true"/>
</engineerTo>
<useDomainConstraints>false</useDomainConstraints>
<use>1</use>
<logicalDatatype>LOGDT007</logicalDatatype>
<ownDataTypeParameters>,,</ownDataTypeParameters>
</Attribute>
<Attribute name="cruise_id" id="DB5CC1B9-2D7F-2975-1A5F-E15E8244EDEE">
<createdBy>User</createdBy>
<createdTime>2025-04-20 05:49:31 UTC</createdTime>
<commentInRDBMS><![CDATA[Cruise ID identifies each cruise on a particular ship.]]></commentInRDBMS>
<generatorID>AB02B99A-36BE-F668-4F40-246508F3342D</generatorID>
<ownerDesignName>oo_logical</ownerDesignName>
<engineerTo>
<item key="D8D394C7-8ABC-8C0A-4C3A-72102397E743" value="true"/>
</engineerTo>
<referedAttribute>1E00A0B3-9B20-BDBF-DD8A-0C9771342D5D</referedAttribute>
<useDomainConstraints>false</useDomainConstraints>
<use>1</use>
<logicalDatatype>LOGDT019</logicalDatatype>
<dataTypePrecision>4</dataTypePrecision>
<ownDataTypeParameters>,,</ownDataTypeParameters>
</Attribute>
<Attribute name="itinerary_dep_arr_status" id="BD8B13A3-B752-102C-47BD-DFE2B9EC9580">
<createdBy>User</createdBy>
<createdTime>2025-04-20 05:40:43 UTC</createdTime>
<commentInRDBMS><![CDATA[Records the travel status of a cruise which is 'D' for  'Depart' or'A' for  'Arrive']]></commentInRDBMS>
<ownerDesignName>oo_logical</ownerDesignName>
<engineerTo>
<item key="D8D394C7-8ABC-8C0A-4C3A-72102397E743" value="true"/>
</engineerTo>
<constraintName>chk_depart_arr_status</constraintName>
<useDomainConstraints>false</useDomainConstraints>
<use>1</use>
<logicalDatatype>LOGDT025</logicalDatatype>
<dataTypeSize>1</dataTypeSize>
<listOfValues>
<valueDef value="A" description="Arrive"/>
<valueDef value="D" description="Depart"/>
</listOfValues>
<ownDataTypeParameters>1,,</ownDataTypeParameters>
</Attribute>
<Attribute name="port_code" id="07BEA482-8C87-3ACF-CE3F-4591BA18593C">
<createdBy>User</createdBy>
<createdTime>2025-04-20 05:50:56 UTC</createdTime>
<commentInRDBMS><![CDATA[The code of the port.]]></commentInRDBMS>
<generatorID>6D3AA39B-B89A-9B89-23DE-7E538059B5E6</generatorID>
<ownerDesignName>oo_logical</ownerDesignName>
<engineerTo>
<item key="D8D394C7-8ABC-8C0A-4C3A-72102397E743" value="true"/>
</engineerTo>
<referedAttribute>196ED39D-B77E-5114-CF80-F87B1389C89B</referedAttribute>
<useDomainConstraints>false</useDomainConstraints>
<use>1</use>
<logicalDatatype>LOGDT025</logicalDatatype>
<dataTypeSize>5</dataTypeSize>
<ownDataTypeParameters>5,,</ownDataTypeParameters>
</Attribute>
</attributes>
<identifiers itemClass="oracle.dbtools.crest.model.design.logical.CandidateKey">
<identifier id="A7D1DAB7-EA27-D7DA-6D5A-235A26B65CF9" name="ITENERARY PK">
<createdBy>User</createdBy>
<createdTime>2025-04-20 05:39:51 UTC</createdTime>
<ownerDesignName>oo_logical</ownerDesignName>
<engineerTo>
<item key="D8D394C7-8ABC-8C0A-4C3A-72102397E743" value="true"/>
</engineerTo>
<pk>true</pk>
<usedAttributes>
<attributeRef>DB5CC1B9-2D7F-2975-1A5F-E15E8244EDEE</attributeRef>
<attributeRef>4C2E5E48-699C-623A-67D2-C7050A29EC8B</attributeRef>
</usedAttributes>
</identifier>
</identifiers>
</Entity>
