<?xml version = '1.0' encoding = 'UTF-8'?>
<Entity class="oracle.dbtools.crest.model.design.logical.Entity" directorySegmentName="seg_0" id="CE503509-F457-85E3-0924-6FFB0A17F9CF" name="MANIFEST">
<createdBy>User</createdBy>
<createdTime>2025-04-20 04:43:21 UTC</createdTime>
<ownerDesignName>oo_logical</ownerDesignName>
<engineerTo>
<item key="D8D394C7-8ABC-8C0A-4C3A-72102397E743" value="true"/>
</engineerTo>
<adequatelyNormalized>NO</adequatelyNormalized>
<expectedVolumes>0</expectedVolumes>
<fwdEngineeringStrategyName>Single Table</fwdEngineeringStrategyName>
<growthPercent>0</growthPercent>
<growthType>Year</growthType>
<maxVolumes>9999999</maxVolumes>
<minVolumes>0</minVolumes>
<normalForm>Third</normalForm>
<attributes itemClass="oracle.dbtools.crest.model.design.logical.Attribute">
<Attribute name="passenger_id" id="97F2732A-E890-61A5-017D-F57C314B090D">
<createdBy>User</createdBy>
<createdTime>2025-04-20 05:07:55 UTC</createdTime>
<commentInRDBMS><![CDATA[The ID of the passenger who made their cruise booking.]]></commentInRDBMS>
<generatorID>6F0A042B-3A63-E4A9-9841-CAFBDC00076E</generatorID>
<ownerDesignName>oo_logical</ownerDesignName>
<engineerTo>
<item key="D8D394C7-8ABC-8C0A-4C3A-72102397E743" value="true"/>
</engineerTo>
<referedAttribute>035B3F69-A8DD-0B74-BF7B-90754FA7DB68</referedAttribute>
<useDomainConstraints>false</useDomainConstraints>
<use>1</use>
<logicalDatatype>LOGDT019</logicalDatatype>
<dataTypePrecision>7</dataTypePrecision>
<ownDataTypeParameters>,,</ownDataTypeParameters>
</Attribute>
<Attribute name="cruise_id" id="F80B533E-6A56-5B37-0BB4-FF9197461C83">
<createdBy>User</createdBy>
<createdTime>2025-04-20 05:12:22 UTC</createdTime>
<commentInRDBMS><![CDATA[Cruise ID identifies each cruise on a particular ship.]]></commentInRDBMS>
<generatorID>65782C81-77F1-3762-E466-671AB4367D6B</generatorID>
<ownerDesignName>oo_logical</ownerDesignName>
<engineerTo>
<item key="D8D394C7-8ABC-8C0A-4C3A-72102397E743" value="true"/>
</engineerTo>
<referedAttribute>1E00A0B3-9B20-BDBF-DD8A-0C9771342D5D</referedAttribute>
<useDomainConstraints>false</useDomainConstraints>
<use>1</use>
<logicalDatatype>LOGDT019</logicalDatatype>
<dataTypePrecision>4</dataTypePrecision>
<ownDataTypeParameters>,,</ownDataTypeParameters>
</Attribute>
<Attribute name="manifest_boarding_dt" id="39915F1E-55EF-766C-E18B-9E94C0EC200C">
<createdBy>User</createdBy>
<createdTime>2025-04-20 04:43:31 UTC</createdTime>
<commentInRDBMS><![CDATA[The boarding date time of passenger when they board the ship]]></commentInRDBMS>
<ownerDesignName>oo_logical</ownerDesignName>
<engineerTo>
<item key="D8D394C7-8ABC-8C0A-4C3A-72102397E743" value="true"/>
</engineerTo>
<nullsAllowed>true</nullsAllowed>
<useDomainConstraints>false</useDomainConstraints>
<use>1</use>
<logicalDatatype>LOGDT007</logicalDatatype>
<ownDataTypeParameters>,,</ownDataTypeParameters>
</Attribute>
<Attribute name="cabin_no" id="0E80D6AF-6130-E68B-5CED-CFBD385ED7BE">
<createdBy>User</createdBy>
<createdTime>2025-04-20 05:12:50 UTC</createdTime>
<commentInRDBMS><![CDATA[Cabin number of the cabin.]]></commentInRDBMS>
<generatorID>1DD3A9EF-9170-3DFD-69C3-2CBAD89F6F57</generatorID>
<ownerDesignName>oo_logical</ownerDesignName>
<engineerTo>
<item key="D8D394C7-8ABC-8C0A-4C3A-72102397E743" value="true"/>
</engineerTo>
<referedAttribute>69580BB8-7E99-986B-3A5A-29AC34D15760</referedAttribute>
<useDomainConstraints>false</useDomainConstraints>
<use>1</use>
<logicalDatatype>LOGDT024</logicalDatatype>
<dataTypeSize>3</dataTypeSize>
<ownDataTypeParameters>,,</ownDataTypeParameters>
</Attribute>
<Attribute name="ship_code" id="A9252BAE-205E-1371-0323-40F5B10358D8">
<createdBy>User</createdBy>
<createdTime>2025-04-20 05:13:59 UTC</createdTime>
<commentInRDBMS><![CDATA[The code of the ship.]]></commentInRDBMS>
<generatorID>1DD3A9EF-9170-3DFD-69C3-2CBAD89F6F57</generatorID>
<ownerDesignName>oo_logical</ownerDesignName>
<engineerTo>
<item key="D8D394C7-8ABC-8C0A-4C3A-72102397E743" value="true"/>
</engineerTo>
<referedAttribute>D986E52E-CB1E-32D3-3110-C942DAD9C216</referedAttribute>
<useDomainConstraints>false</useDomainConstraints>
<use>1</use>
<logicalDatatype>LOGDT024</logicalDatatype>
<dataTypeSize>7</dataTypeSize>
<ownDataTypeParameters>7,,</ownDataTypeParameters>
</Attribute>
</attributes>
<identifiers itemClass="oracle.dbtools.crest.model.design.logical.CandidateKey">
<identifier id="49455450-F391-5D4A-486E-E67E15CB0735" name="MANIFEST PK">
<createdBy>User</createdBy>
<createdTime>2025-04-20 05:07:55 UTC</createdTime>
<ownerDesignName>oo_logical</ownerDesignName>
<engineerTo>
<item key="D8D394C7-8ABC-8C0A-4C3A-72102397E743" value="true"/>
</engineerTo>
<pk>true</pk>
<usedAttributes>
<attributeRef>97F2732A-E890-61A5-017D-F57C314B090D</attributeRef>
<attributeRef>F80B533E-6A56-5B37-0BB4-FF9197461C83</attributeRef>
</usedAttributes>
</identifier>
</identifiers>
</Entity>
