<?xml version = '1.0' encoding = 'UTF-8'?>
<Relation class="oracle.dbtools.crest.model.design.logical.Relation" name="cabin_manifest_fk" directorySegmentName="seg_0" id="1DD3A9EF-9170-3DFD-69C3-2CBAD89F6F57">
<createdBy>User</createdBy>
<createdTime>2025-04-20 05:12:50 UTC</createdTime>
<ownerDesignName>oo_logical</ownerDesignName>
<engineerTo>
<item key="D8D394C7-8ABC-8C0A-4C3A-72102397E743" value="true"/>
</engineerTo>
<sourcePk>AC60444A-0B09-5BE4-5B10-0E44451382E4</sourcePk>
<identifying>false</identifying>
<nameOnSource>has</nameOnSource>
<nameOnTarget> </nameOnTarget>
<optionalSource>true</optionalSource>
<optionalTarget>false</optionalTarget>
<sourceCardinality>1</sourceCardinality>
<sourceEntity>501C0847-7CBD-498B-F292-D12D324532D7</sourceEntity>
<targetCardinalityString>*</targetCardinalityString>
<targetEntity>CE503509-F457-85E3-0924-6FFB0A17F9CF</targetEntity>
<transferable>true</transferable>
<deleteRule>NO ACTION</deleteRule>
</Relation>
