<?xml version = '1.0' encoding = 'UTF-8'?>
<Relation class="oracle.dbtools.crest.model.design.logical.Relation" name="operator_ship_fk" directorySegmentName="seg_0" id="1F5B732F-8FA6-A387-0E6D-594546013E41">
<createdBy>User</createdBy>
<createdTime>2025-04-20 05:14:17 UTC</createdTime>
<ownerDesignName>oo_logical</ownerDesignName>
<engineerTo>
<item key="D8D394C7-8ABC-8C0A-4C3A-72102397E743" value="true"/>
</engineerTo>
<sourcePk>0A6677A1-3C5D-71F2-D29B-FB0B342887CB</sourcePk>
<identifying>false</identifying>
<nameOnSource>operates</nameOnSource>
<nameOnTarget> </nameOnTarget>
<optionalSource>false</optionalSource>
<optionalTarget>false</optionalTarget>
<sourceCardinality>1</sourceCardinality>
<sourceEntity>47D24074-2167-1112-BE68-20C3DB32F015</sourceEntity>
<targetCardinalityString>*</targetCardinalityString>
<targetEntity>3F4D5B39-D9AE-3D8A-E65B-57AE4A7FC338</targetEntity>
<transferable>true</transferable>
<deleteRule>NO ACTION</deleteRule>
</Relation>
