<?xml version = '1.0' encoding = 'UTF-8'?>
<Relation class="oracle.dbtools.crest.model.design.logical.Relation" name="passenger_passenger(guardian)_fk" directorySegmentName="seg_0" id="2AAD9C51-9178-3CAC-6CA5-28A4644B2A8D">
<createdBy>User</createdBy>
<createdTime>2025-04-20 05:16:21 UTC</createdTime>
<ownerDesignName>oo_logical</ownerDesignName>
<engineerTo>
<item key="D8D394C7-8ABC-8C0A-4C3A-72102397E743" value="true"/>
</engineerTo>
<targetPk>80563849-AA55-CEEA-7AAF-051E74FCECC7</targetPk>
<identifying>false</identifying>
<nameOnSource>guardian_of</nameOnSource>
<nameOnTarget> </nameOnTarget>
<optionalSource>true</optionalSource>
<optionalTarget>true</optionalTarget>
<sourceCardinality>1</sourceCardinality>
<sourceEntity>5E5166DD-623B-FC96-3963-BDC0E8CEA4E0</sourceEntity>
<targetCardinalityString>*</targetCardinalityString>
<targetEntity>5E5166DD-623B-FC96-3963-BDC0E8CEA4E0</targetEntity>
<transferable>true</transferable>
<deleteRule>NO ACTION</deleteRule>
</Relation>
