<?xml version = '1.0' encoding = 'UTF-8'?>
<Relation class="oracle.dbtools.crest.model.design.logical.Relation" name="cruise_manifest_fk" directorySegmentName="seg_0" id="65782C81-77F1-3762-E466-671AB4367D6B">
<createdBy>User</createdBy>
<createdTime>2025-04-20 05:12:22 UTC</createdTime>
<ownerDesignName>oo_logical</ownerDesignName>
<engineerTo>
<item key="D8D394C7-8ABC-8C0A-4C3A-72102397E743" value="true"/>
</engineerTo>
<sourcePk>BD794D0B-BA91-BEAC-BB00-365B45742FAB</sourcePk>
<identifying>true</identifying>
<nameOnSource>has</nameOnSource>
<nameOnTarget> </nameOnTarget>
<optionalSource>true</optionalSource>
<optionalTarget>false</optionalTarget>
<sourceCardinality>1</sourceCardinality>
<sourceEntity>2253A09B-7B91-4135-5453-BAD7D83103F9</sourceEntity>
<targetCardinalityString>*</targetCardinalityString>
<targetEntity>CE503509-F457-85E3-0924-6FFB0A17F9CF</targetEntity>
<transferable>true</transferable>
<deleteRule>NO ACTION</deleteRule>
</Relation>
