<?xml version = '1.0' encoding = 'UTF-8'?>
<Relation class="oracle.dbtools.crest.model.design.logical.Relation" name="port_itenenary_fk" directorySegmentName="seg_0" id="6D3AA39B-B89A-9B89-23DE-7E538059B5E6">
<createdBy>User</createdBy>
<createdTime>2025-04-20 05:50:56 UTC</createdTime>
<ownerDesignName>oo_logical</ownerDesignName>
<engineerTo>
<item key="D8D394C7-8ABC-8C0A-4C3A-72102397E743" value="true"/>
</engineerTo>
<sourcePk>87C99BCC-EB7D-9F26-187D-2B4DA754C306</sourcePk>
<identifying>false</identifying>
<nameOnSource>visited_by</nameOnSource>
<nameOnTarget> </nameOnTarget>
<optionalSource>true</optionalSource>
<optionalTarget>false</optionalTarget>
<sourceCardinality>1</sourceCardinality>
<sourceEntity>2BF2B312-BA49-51A3-9084-70D8EDD8E5D2</sourceEntity>
<targetCardinalityString>*</targetCardinalityString>
<targetEntity>705DDEDC-2001-1023-E068-DCEB502D8512</targetEntity>
<transferable>true</transferable>
<deleteRule>NO ACTION</deleteRule>
</Relation>
