<?xml version = '1.0' encoding = 'UTF-8'?>
<Relation class="oracle.dbtools.crest.model.design.logical.Relation" name="passenger_manifest_fk" directorySegmentName="seg_0" id="6F0A042B-3A63-E4A9-9841-CAFBDC00076E">
<createdBy>User</createdBy>
<createdTime>2025-04-20 05:07:55 UTC</createdTime>
<ownerDesignName>oo_logical</ownerDesignName>
<engineerTo>
<item key="D8D394C7-8ABC-8C0A-4C3A-72102397E743" value="true"/>
</engineerTo>
<sourcePk>80563849-AA55-CEEA-7AAF-051E74FCECC7</sourcePk>
<identifying>true</identifying>
<nameOnSource>has</nameOnSource>
<nameOnTarget> </nameOnTarget>
<optionalSource>false</optionalSource>
<optionalTarget>false</optionalTarget>
<sourceCardinality>1</sourceCardinality>
<sourceEntity>5E5166DD-623B-FC96-3963-BDC0E8CEA4E0</sourceEntity>
<targetCardinalityString>*</targetCardinalityString>
<targetEntity>CE503509-F457-85E3-0924-6FFB0A17F9CF</targetEntity>
<transferable>true</transferable>
<deleteRule>NO ACTION</deleteRule>
</Relation>
