<?xml version = '1.0' encoding = 'UTF-8'?>
<Relation class="oracle.dbtools.crest.model.design.logical.Relation" name="address_passenger_fk" directorySegmentName="seg_0" id="7922F3E8-BCF2-DDB2-867C-766A5EAB729A">
<createdBy>User</createdBy>
<createdTime>2025-04-20 05:11:50 UTC</createdTime>
<ownerDesignName>oo_logical</ownerDesignName>
<engineerTo>
<item key="D8D394C7-8ABC-8C0A-4C3A-72102397E743" value="true"/>
</engineerTo>
<sourcePk>F7A03A71-0035-FD84-4D0B-15E115025B2B</sourcePk>
<identifying>false</identifying>
<nameOnSource>has</nameOnSource>
<nameOnTarget> </nameOnTarget>
<optionalSource>false</optionalSource>
<optionalTarget>false</optionalTarget>
<sourceCardinality>1</sourceCardinality>
<sourceEntity>53968A70-D7B3-956E-1C07-43E90F4CA6A6</sourceEntity>
<targetCardinalityString>*</targetCardinalityString>
<targetEntity>5E5166DD-623B-FC96-3963-BDC0E8CEA4E0</targetEntity>
<transferable>true</transferable>
<deleteRule>NO ACTION</deleteRule>
</Relation>
