<?xml version = '1.0' encoding = 'UTF-8'?>
<Relation class="oracle.dbtools.crest.model.design.logical.Relation" name="country_addr_fk" directorySegmentName="seg_0" id="83CA41CD-14ED-B93C-617E-5440B7944631">
<createdBy>User</createdBy>
<createdTime>2025-04-30 04:21:28 UTC</createdTime>
<ownerDesignName>oo_logical</ownerDesignName>
<engineerTo>
<item key="D8D394C7-8ABC-8C0A-4C3A-72102397E743" value="true"/>
</engineerTo>
<sourcePk>6A47D18E-218A-C9CD-D90E-3BED4F6F844A</sourcePk>
<identifying>false</identifying>
<nameOnSource>has </nameOnSource>
<nameOnTarget> </nameOnTarget>
<optionalSource>true</optionalSource>
<optionalTarget>false</optionalTarget>
<sourceCardinality>1</sourceCardinality>
<sourceEntity>F0C20EFA-27A2-569D-E614-C9AE93BFCCE0</sourceEntity>
<targetCardinalityString>*</targetCardinalityString>
<targetEntity>53968A70-D7B3-956E-1C07-43E90F4CA6A6</targetEntity>
<transferable>true</transferable>
<deleteRule>NO ACTION</deleteRule>
</Relation>
