<?xml version = '1.0' encoding = 'UTF-8'?>
<Relation class="oracle.dbtools.crest.model.design.logical.Relation" name="ship_cabin_fk" directorySegmentName="seg_0" id="9EFC01B3-C79B-3C2E-1DEE-FF4788604EA2">
<createdBy>User</createdBy>
<createdTime>2025-04-20 05:13:59 UTC</createdTime>
<ownerDesignName>oo_logical</ownerDesignName>
<engineerTo>
<item key="D8D394C7-8ABC-8C0A-4C3A-72102397E743" value="true"/>
</engineerTo>
<sourcePk>4980151D-CC6F-5D5C-5703-35D214D733ED</sourcePk>
<identifying>true</identifying>
<nameOnSource>has</nameOnSource>
<nameOnTarget> </nameOnTarget>
<optionalSource>false</optionalSource>
<optionalTarget>false</optionalTarget>
<sourceCardinality>1</sourceCardinality>
<sourceEntity>3F4D5B39-D9AE-3D8A-E65B-57AE4A7FC338</sourceEntity>
<targetCardinalityString>*</targetCardinalityString>
<targetEntity>501C0847-7CBD-498B-F292-D12D324532D7</targetEntity>
<transferable>true</transferable>
<deleteRule>NO ACTION</deleteRule>
</Relation>
