<?xml version = '1.0' encoding = 'UTF-8'?>
<Relation class="oracle.dbtools.crest.model.design.logical.Relation" name="cruise_itenenary_fk" directorySegmentName="seg_0" id="AB02B99A-36BE-F668-4F40-246508F3342D">
<createdBy>User</createdBy>
<createdTime>2025-04-20 05:49:31 UTC</createdTime>
<ownerDesignName>oo_logical</ownerDesignName>
<engineerTo>
<item key="D8D394C7-8ABC-8C0A-4C3A-72102397E743" value="true"/>
</engineerTo>
<sourcePk>BD794D0B-BA91-BEAC-BB00-365B45742FAB</sourcePk>
<identifying>true</identifying>
<nameOnSource>has</nameOnSource>
<nameOnTarget> </nameOnTarget>
<optionalSource>false</optionalSource>
<optionalTarget>false</optionalTarget>
<sourceCardinality>1</sourceCardinality>
<sourceEntity>2253A09B-7B91-4135-5453-BAD7D83103F9</sourceEntity>
<targetCardinalityString>*</targetCardinalityString>
<targetEntity>705DDEDC-2001-1023-E068-DCEB502D8512</targetEntity>
<transferable>true</transferable>
<deleteRule>NO ACTION</deleteRule>
</Relation>
