<?xml version = '1.0' encoding = 'UTF-8'?>
<Relation class="oracle.dbtools.crest.model.design.logical.Relation" name="ship_cruise_fk" directorySegmentName="seg_0" id="C16A104E-DD6E-6417-5C49-2E888321C7CF">
<createdBy>User</createdBy>
<createdTime>2025-04-20 05:13:36 UTC</createdTime>
<ownerDesignName>oo_logical</ownerDesignName>
<engineerTo>
<item key="D8D394C7-8ABC-8C0A-4C3A-72102397E743" value="true"/>
</engineerTo>
<sourcePk>4980151D-CC6F-5D5C-5703-35D214D733ED</sourcePk>
<identifying>false</identifying>
<nameOnSource>has</nameOnSource>
<nameOnTarget> </nameOnTarget>
<optionalSource>true</optionalSource>
<optionalTarget>false</optionalTarget>
<sourceCardinality>1</sourceCardinality>
<sourceEntity>3F4D5B39-D9AE-3D8A-E65B-57AE4A7FC338</sourceEntity>
<targetCardinalityString>*</targetCardinalityString>
<targetEntity>2253A09B-7B91-4135-5453-BAD7D83103F9</targetEntity>
<transferable>true</transferable>
<deleteRule>NO ACTION</deleteRule>
</Relation>
