<?xml version = '1.0' encoding = 'UTF-8'?>
<Relation class="oracle.dbtools.crest.model.design.logical.Relation" name="country_ship_fk" directorySegmentName="seg_0" id="CC672781-3277-92CD-5FC3-E084BF49E262">
<createdBy>User</createdBy>
<createdTime>2025-04-20 05:54:10 UTC</createdTime>
<ownerDesignName>oo_logical</ownerDesignName>
<engineerTo>
<item key="D8D394C7-8ABC-8C0A-4C3A-72102397E743" value="true"/>
</engineerTo>
<sourcePk>6A47D18E-218A-C9CD-D90E-3BED4F6F844A</sourcePk>
<identifying>false</identifying>
<nameOnSource>registers</nameOnSource>
<nameOnTarget> </nameOnTarget>
<optionalSource>true</optionalSource>
<optionalTarget>false</optionalTarget>
<sourceCardinality>1</sourceCardinality>
<sourceEntity>F0C20EFA-27A2-569D-E614-C9AE93BFCCE0</sourceEntity>
<targetCardinalityString>*</targetCardinalityString>
<targetEntity>3F4D5B39-D9AE-3D8A-E65B-57AE4A7FC338</targetEntity>
<transferable>true</transferable>
<deleteRule>NO ACTION</deleteRule>
</Relation>
