<?xml version = '1.0' encoding = 'UTF-8'?>
<Relation class="oracle.dbtools.crest.model.design.logical.Relation" name="country_port_fk" directorySegmentName="seg_0" id="E4C84BF2-A5CC-25ED-6BC4-CBCB628462C6">
<createdBy>User</createdBy>
<createdTime>2025-04-20 05:51:26 UTC</createdTime>
<ownerDesignName>oo_logical</ownerDesignName>
<engineerTo>
<item key="D8D394C7-8ABC-8C0A-4C3A-72102397E743" value="true"/>
</engineerTo>
<sourcePk>6A47D18E-218A-C9CD-D90E-3BED4F6F844A</sourcePk>
<identifying>false</identifying>
<nameOnSource>has</nameOnSource>
<nameOnTarget> </nameOnTarget>
<optionalSource>true</optionalSource>
<optionalTarget>false</optionalTarget>
<sourceCardinality>1</sourceCardinality>
<sourceEntity>F0C20EFA-27A2-569D-E614-C9AE93BFCCE0</sourceEntity>
<targetCardinalityString>*</targetCardinalityString>
<targetEntity>2BF2B312-BA49-51A3-9084-70D8EDD8E5D2</targetEntity>
<transferable>true</transferable>
<deleteRule>NO ACTION</deleteRule>
</Relation>
