<?xml version = '1.0' encoding = 'UTF-8'?>
<FKIndexAssociation class="oracle.dbtools.crest.model.design.relational.FKIndexAssociation" directorySegmentName="seg_0" id="06A1AE36-ADA9-6A01-C247-07ACAEF3B57A" containerWithKeyObject="A5881950-C100-6672-B846-BE63F6E35157" localFKIndex="4DF1CBF8-ABB1-67D5-EC73-5A3B2B357334" name="cruise_itenenary_fk">
<createdBy>User</createdBy>
<createdTime>2025-05-02 05:42:11 UTC</createdTime>
<generatorID>AB02B99A-36BE-F668-4F40-246508F3342D</generatorID>
<ownerDesignName>oo_logical</ownerDesignName>
<referredTableLongName>CRUISE</referredTableLongName>
<deleteRule>NO ACTION</deleteRule>
<referredTableID>8091AB34-DC38-6F69-0893-5BD39553A509</referredTableID>
<keyObject>46AA12A8-C39C-75D6-C35F-6CCA01FB6CD3</keyObject>
<referredKeyID>46AA12A8-C39C-75D6-C35F-6CCA01FB6CD3</referredKeyID>
<mandatory>true</mandatory>
<refColNames>cruise_id</refColNames>
<transferable>true</transferable>
<rely>false</rely>
<columnDependencyConstraintGenerateInDDL>true</columnDependencyConstraintGenerateInDDL>
</FKIndexAssociation>
