<?xml version = '1.0' encoding = 'UTF-8'?>
<FKIndexAssociation class="oracle.dbtools.crest.model.design.relational.FKIndexAssociation" directorySegmentName="seg_0" id="336507A5-8AC0-5E41-0541-4394CDAA5783" containerWithKeyObject="C774B875-24E0-813F-B81D-70A59A81AFA4" localFKIndex="70AE6164-A06B-6CE6-54FD-6AC0E9E6504E" name="cruise_manifest_fk">
<createdBy>User</createdBy>
<createdTime>2025-05-02 05:42:11 UTC</createdTime>
<generatorID>65782C81-77F1-3762-E466-671AB4367D6B</generatorID>
<ownerDesignName>oo_logical</ownerDesignName>
<referredTableLongName>CRUISE</referredTableLongName>
<deleteRule>NO ACTION</deleteRule>
<referredTableID>8091AB34-DC38-6F69-0893-5BD39553A509</referredTableID>
<keyObject>46AA12A8-C39C-75D6-C35F-6CCA01FB6CD3</keyObject>
<referredKeyID>46AA12A8-C39C-75D6-C35F-6CCA01FB6CD3</referredKeyID>
<mandatory>true</mandatory>
<refColNames>cruise_id</refColNames>
<transferable>true</transferable>
<rely>false</rely>
<columnDependencyConstraintGenerateInDDL>true</columnDependencyConstraintGenerateInDDL>
</FKIndexAssociation>
