<?xml version = '1.0' encoding = 'UTF-8'?>
<FKIndexAssociation class="oracle.dbtools.crest.model.design.relational.FKIndexAssociation" directorySegmentName="seg_0" id="3F3E57A1-EAE0-DAC0-F206-C39AADDD19C1" containerWithKeyObject="C774B875-24E0-813F-B81D-70A59A81AFA4" localFKIndex="16C72250-553C-5063-1074-B0F598FBBC6A" name="passenger_manifest_fk">
<createdBy>User</createdBy>
<createdTime>2025-05-02 05:42:11 UTC</createdTime>
<generatorID>6F0A042B-3A63-E4A9-9841-CAFBDC00076E</generatorID>
<ownerDesignName>oo_logical</ownerDesignName>
<referredTableLongName>PASSENGER</referredTableLongName>
<deleteRule>NO ACTION</deleteRule>
<referredTableID>5001201D-968A-12B3-9C49-C18C34C1B3A9</referredTableID>
<keyObject>2DEA13B3-1FC8-41F3-4968-385A1D06034F</keyObject>
<referredKeyID>2DEA13B3-1FC8-41F3-4968-385A1D06034F</referredKeyID>
<mandatory>true</mandatory>
<refColNames>passenger_id</refColNames>
<transferable>true</transferable>
<rely>false</rely>
<columnDependencyConstraintGenerateInDDL>true</columnDependencyConstraintGenerateInDDL>
</FKIndexAssociation>
