<?xml version = '1.0' encoding = 'UTF-8'?>
<FKIndexAssociation class="oracle.dbtools.crest.model.design.relational.FKIndexAssociation" directorySegmentName="seg_0" id="479CF415-8B99-8451-EDE5-D8DEA952C186" containerWithKeyObject="695D8623-6EC4-2E47-88A1-456A5315D083" localFKIndex="612CA325-20BD-F759-3713-302BCF584D2D" name="country_port_fk">
<createdBy>User</createdBy>
<createdTime>2025-05-02 05:42:11 UTC</createdTime>
<generatorID>E4C84BF2-A5CC-25ED-6BC4-CBCB628462C6</generatorID>
<ownerDesignName>oo_logical</ownerDesignName>
<referredTableLongName>COUNTRY</referredTableLongName>
<deleteRule>NO ACTION</deleteRule>
<referredTableID>8385B26C-8EBC-5611-FFCF-33A2AF5200C0</referredTableID>
<keyObject>1C68DAF2-1DDA-5473-1247-4781C5A9E5DA</keyObject>
<referredKeyID>1C68DAF2-1DDA-5473-1247-4781C5A9E5DA</referredKeyID>
<mandatory>true</mandatory>
<refColNames>country_code</refColNames>
<transferable>true</transferable>
<rely>false</rely>
<columnDependencyConstraintGenerateInDDL>true</columnDependencyConstraintGenerateInDDL>
</FKIndexAssociation>
