<?xml version = '1.0' encoding = 'UTF-8'?>
<FKIndexAssociation class="oracle.dbtools.crest.model.design.relational.FKIndexAssociation" directorySegmentName="seg_0" id="4BD75784-F329-92F5-DCDE-853A3D990E3D" containerWithKeyObject="C7DA43C8-60A3-7878-9FA9-3C81E82ED43F" localFKIndex="E191C93B-09C9-15C7-D6B3-C2C8DEA59182" name="ship_cabin_fk">
<createdBy>User</createdBy>
<createdTime>2025-05-02 05:42:11 UTC</createdTime>
<generatorID>9EFC01B3-C79B-3C2E-1DEE-FF4788604EA2</generatorID>
<ownerDesignName>oo_logical</ownerDesignName>
<referredTableLongName>SHIP</referredTableLongName>
<deleteRule>NO ACTION</deleteRule>
<referredTableID>07B18246-254D-E021-FEA1-ED92E5A06CC7</referredTableID>
<keyObject>8D63CA7B-64D6-0822-7495-C3C5F1CDB851</keyObject>
<referredKeyID>8D63CA7B-64D6-0822-7495-C3C5F1CDB851</referredKeyID>
<mandatory>true</mandatory>
<refColNames>ship_code</refColNames>
<transferable>true</transferable>
<rely>false</rely>
<columnDependencyConstraintGenerateInDDL>true</columnDependencyConstraintGenerateInDDL>
</FKIndexAssociation>
