<?xml version = '1.0' encoding = 'UTF-8'?>
<FKIndexAssociation class="oracle.dbtools.crest.model.design.relational.FKIndexAssociation" directorySegmentName="seg_0" id="65D8CFA4-B88F-6F87-0CEF-0D779BCAA829" containerWithKeyObject="5001201D-968A-12B3-9C49-C18C34C1B3A9" localFKIndex="6F1F8621-CCF5-A680-FB32-61D01120CE35" name="passenger_passenger(guardian)_fk">
<createdBy>User</createdBy>
<createdTime>2025-05-02 05:42:11 UTC</createdTime>
<generatorID>2AAD9C51-9178-3CAC-6CA5-28A4644B2A8D</generatorID>
<ownerDesignName>oo_logical</ownerDesignName>
<referredTableLongName>PASSENGER</referredTableLongName>
<deleteRule>NO ACTION</deleteRule>
<referredTableID>5001201D-968A-12B3-9C49-C18C34C1B3A9</referredTableID>
<keyObject>2DEA13B3-1FC8-41F3-4968-385A1D06034F</keyObject>
<referredKeyID>2DEA13B3-1FC8-41F3-4968-385A1D06034F</referredKeyID>
<mandatory>false</mandatory>
<refColNames>passenger_id</refColNames>
<transferable>true</transferable>
<rely>false</rely>
<columnDependencyConstraintGenerateInDDL>true</columnDependencyConstraintGenerateInDDL>
</FKIndexAssociation>
