<?xml version = '1.0' encoding = 'UTF-8'?>
<FKIndexAssociation class="oracle.dbtools.crest.model.design.relational.FKIndexAssociation" directorySegmentName="seg_0" id="7AB1C6BC-369B-E7B5-6947-C393CBBD1026" containerWithKeyObject="C774B875-24E0-813F-B81D-70A59A81AFA4" localFKIndex="167164A0-B03A-D0C7-6B5E-AB8FB428D492" name="cabin_manifest_fk">
<createdBy>User</createdBy>
<createdTime>2025-05-02 05:42:11 UTC</createdTime>
<generatorID>1DD3A9EF-9170-3DFD-69C3-2CBAD89F6F57</generatorID>
<ownerDesignName>oo_logical</ownerDesignName>
<referredTableLongName>CABIN</referredTableLongName>
<deleteRule>NO ACTION</deleteRule>
<referredTableID>C7DA43C8-60A3-7878-9FA9-3C81E82ED43F</referredTableID>
<keyObject>511E8D5D-D13B-B396-DDD4-22867E6EB48D</keyObject>
<referredKeyID>511E8D5D-D13B-B396-DDD4-22867E6EB48D</referredKeyID>
<mandatory>true</mandatory>
<refColNames>cabin_no,ship_code</refColNames>
<transferable>true</transferable>
<rely>false</rely>
<columnDependencyConstraintGenerateInDDL>true</columnDependencyConstraintGenerateInDDL>
</FKIndexAssociation>
