<?xml version = '1.0' encoding = 'UTF-8'?>
<FKIndexAssociation class="oracle.dbtools.crest.model.design.relational.FKIndexAssociation" directorySegmentName="seg_0" id="880A9E9D-17DF-4F70-AF41-E7ADB1E612D9" containerWithKeyObject="A5881950-C100-6672-B846-BE63F6E35157" localFKIndex="30D752F5-0194-A161-BB86-CD360B97471C" name="port_itenenary_fk">
<createdBy>User</createdBy>
<createdTime>2025-05-02 05:42:11 UTC</createdTime>
<generatorID>6D3AA39B-B89A-9B89-23DE-7E538059B5E6</generatorID>
<ownerDesignName>oo_logical</ownerDesignName>
<referredTableLongName>PORT</referredTableLongName>
<deleteRule>NO ACTION</deleteRule>
<referredTableID>695D8623-6EC4-2E47-88A1-456A5315D083</referredTableID>
<keyObject>B21AF166-5435-4EC8-4FFE-AEFADE6CB801</keyObject>
<referredKeyID>B21AF166-5435-4EC8-4FFE-AEFADE6CB801</referredKeyID>
<mandatory>true</mandatory>
<refColNames>port_code</refColNames>
<transferable>true</transferable>
<rely>false</rely>
<columnDependencyConstraintGenerateInDDL>true</columnDependencyConstraintGenerateInDDL>
</FKIndexAssociation>
