<?xml version = '1.0' encoding = 'UTF-8'?>
<FKIndexAssociation class="oracle.dbtools.crest.model.design.relational.FKIndexAssociation" directorySegmentName="seg_0" id="89A08F85-6A1B-908D-97A4-AA0AA4EEBA46" containerWithKeyObject="556B1BB4-8020-2B6B-500E-C7A5F20A09DD" localFKIndex="2A729C7F-3A4F-320B-B232-9CD1BEF3B2F5" name="country_addr_fk">
<createdBy>User</createdBy>
<createdTime>2025-05-02 05:42:11 UTC</createdTime>
<generatorID>83CA41CD-14ED-B93C-617E-5440B7944631</generatorID>
<ownerDesignName>oo_logical</ownerDesignName>
<referredTableLongName>COUNTRY</referredTableLongName>
<deleteRule>NO ACTION</deleteRule>
<referredTableID>8385B26C-8EBC-5611-FFCF-33A2AF5200C0</referredTableID>
<keyObject>1C68DAF2-1DDA-5473-1247-4781C5A9E5DA</keyObject>
<referredKeyID>1C68DAF2-1DDA-5473-1247-4781C5A9E5DA</referredKeyID>
<mandatory>true</mandatory>
<refColNames>country_code</refColNames>
<transferable>true</transferable>
<rely>false</rely>
<columnDependencyConstraintGenerateInDDL>true</columnDependencyConstraintGenerateInDDL>
</FKIndexAssociation>
