<?xml version = '1.0' encoding = 'UTF-8'?>
<FKIndexAssociation class="oracle.dbtools.crest.model.design.relational.FKIndexAssociation" directorySegmentName="seg_0" id="9563047D-E8D4-AE34-6BE2-D1F782DE83BB" containerWithKeyObject="07B18246-254D-E021-FEA1-ED92E5A06CC7" localFKIndex="7D9789FD-83D7-DA9D-E9B7-55E9E4A713B0" name="country_ship_fk">
<createdBy>User</createdBy>
<createdTime>2025-05-02 05:42:11 UTC</createdTime>
<generatorID>CC672781-3277-92CD-5FC3-E084BF49E262</generatorID>
<ownerDesignName>oo_logical</ownerDesignName>
<referredTableLongName>COUNTRY</referredTableLongName>
<deleteRule>NO ACTION</deleteRule>
<referredTableID>8385B26C-8EBC-5611-FFCF-33A2AF5200C0</referredTableID>
<keyObject>1C68DAF2-1DDA-5473-1247-4781C5A9E5DA</keyObject>
<referredKeyID>1C68DAF2-1DDA-5473-1247-4781C5A9E5DA</referredKeyID>
<mandatory>true</mandatory>
<refColNames>country_code</refColNames>
<transferable>true</transferable>
<rely>false</rely>
<columnDependencyConstraintGenerateInDDL>true</columnDependencyConstraintGenerateInDDL>
</FKIndexAssociation>
