<?xml version = '1.0' encoding = 'UTF-8'?>
<FKIndexAssociation class="oracle.dbtools.crest.model.design.relational.FKIndexAssociation" directorySegmentName="seg_0" id="95ECEA10-C88D-FBAB-4FD3-3E0082B22F05" containerWithKeyObject="5001201D-968A-12B3-9C49-C18C34C1B3A9" localFKIndex="F856F9F9-7BCC-A0F8-5DD5-D2B1E66779C0" name="address_passenger_fk">
<createdBy>User</createdBy>
<createdTime>2025-05-02 05:42:11 UTC</createdTime>
<generatorID>7922F3E8-BCF2-DDB2-867C-766A5EAB729A</generatorID>
<ownerDesignName>oo_logical</ownerDesignName>
<referredTableLongName>ADDRESS</referredTableLongName>
<deleteRule>NO ACTION</deleteRule>
<referredTableID>556B1BB4-8020-2B6B-500E-C7A5F20A09DD</referredTableID>
<keyObject>1038B541-5859-45F1-9666-70622B5C78E6</keyObject>
<referredKeyID>1038B541-5859-45F1-9666-70622B5C78E6</referredKeyID>
<mandatory>true</mandatory>
<refColNames>addr_id</refColNames>
<transferable>true</transferable>
<rely>false</rely>
<columnDependencyConstraintGenerateInDDL>true</columnDependencyConstraintGenerateInDDL>
</FKIndexAssociation>
