<?xml version = '1.0' encoding = 'UTF-8'?>
<FKIndexAssociation class="oracle.dbtools.crest.model.design.relational.FKIndexAssociation" directorySegmentName="seg_0" id="A54954D4-C2BD-D504-BCB8-6DEF5A0A3BE8" containerWithKeyObject="8091AB34-DC38-6F69-0893-5BD39553A509" localFKIndex="676B6EB3-9E36-F152-80A3-0209CDA292F8" name="ship_cruise_fk">
<createdBy>User</createdBy>
<createdTime>2025-05-02 05:42:11 UTC</createdTime>
<generatorID>C16A104E-DD6E-6417-5C49-2E888321C7CF</generatorID>
<ownerDesignName>oo_logical</ownerDesignName>
<referredTableLongName>SHIP</referredTableLongName>
<deleteRule>NO ACTION</deleteRule>
<referredTableID>07B18246-254D-E021-FEA1-ED92E5A06CC7</referredTableID>
<keyObject>8D63CA7B-64D6-0822-7495-C3C5F1CDB851</keyObject>
<referredKeyID>8D63CA7B-64D6-0822-7495-C3C5F1CDB851</referredKeyID>
<mandatory>true</mandatory>
<refColNames>ship_code</refColNames>
<transferable>true</transferable>
<rely>false</rely>
<columnDependencyConstraintGenerateInDDL>true</columnDependencyConstraintGenerateInDDL>
</FKIndexAssociation>
