<?xml version = '1.0' encoding = 'UTF-8'?>
<FKIndexAssociation class="oracle.dbtools.crest.model.design.relational.FKIndexAssociation" directorySegmentName="seg_0" id="F1579AC6-FEDF-5EFA-3CCB-835E5BCD8799" containerWithKeyObject="07B18246-254D-E021-FEA1-ED92E5A06CC7" localFKIndex="2FE9E8EC-4F14-CBCD-A568-7E56E7DB5074" name="operator_ship_fk">
<createdBy>User</createdBy>
<createdTime>2025-05-02 05:42:11 UTC</createdTime>
<generatorID>1F5B732F-8FA6-A387-0E6D-594546013E41</generatorID>
<ownerDesignName>oo_logical</ownerDesignName>
<referredTableLongName>OPERATOR</referredTableLongName>
<deleteRule>NO ACTION</deleteRule>
<referredTableID>2DAD592D-F541-E1E0-3C31-59E5AFF04D36</referredTableID>
<keyObject>B2988F7C-9DDA-CD2E-16FE-0B7B3DC181C6</keyObject>
<referredKeyID>B2988F7C-9DDA-CD2E-16FE-0B7B3DC181C6</referredKeyID>
<mandatory>true</mandatory>
<refColNames>operator_id</refColNames>
<transferable>true</transferable>
<rely>false</rely>
<columnDependencyConstraintGenerateInDDL>true</columnDependencyConstraintGenerateInDDL>
</FKIndexAssociation>
