<?xml version = '1.0' encoding = 'UTF-8'?>
<Table class="oracle.dbtools.crest.model.design.relational.Table" directorySegmentName="seg_0" id="07B18246-254D-E021-FEA1-ED92E5A06CC7" name="SHIP">
<createdBy>User</createdBy>
<createdTime>2025-05-02 05:42:11 UTC</createdTime>
<generatorID>3F4D5B39-D9AE-3D8A-E65B-57AE4A7FC338</generatorID>
<ownerDesignName>oo_logical</ownerDesignName>
<allowColumnReorder>false</allowColumnReorder>
<existDependencyGenerateInDDl>true</existDependencyGenerateInDDl>
<parsed>true</parsed>
<columns itemClass="oracle.dbtools.crest.model.design.relational.Column">
<Column name="ship_code" id="4E7B4592-0174-6FAA-F637-E5734206D72F">
<createdBy>User</createdBy>
<createdTime>2025-05-02 05:42:11 UTC</createdTime>
<commentInRDBMS><![CDATA[The code of the ship.]]></commentInRDBMS>
<generatorID>201B98EE-F3D1-DE3D-DCF1-7B89D424BC26</generatorID>
<ownerDesignName>oo_logical</ownerDesignName>
<useDomainConstraints>false</useDomainConstraints>
<use>1</use>
<logicalDatatype>LOGDT024</logicalDatatype>
<dataTypeSize>7</dataTypeSize>
<ownDataTypeParameters>7,,</ownDataTypeParameters>
<autoIncrementCycle>false</autoIncrementCycle>
</Column>
<Column name="ship_name" id="7EBDEE7A-940B-14E0-1A33-210CF058C565">
<createdBy>User</createdBy>
<createdTime>2025-05-02 05:42:11 UTC</createdTime>
<commentInRDBMS><![CDATA[The name of the ship.]]></commentInRDBMS>
<generatorID>0C555B76-3A37-FA10-2DF4-8AE6BF38F797</generatorID>
<ownerDesignName>oo_logical</ownerDesignName>
<useDomainConstraints>false</useDomainConstraints>
<use>1</use>
<logicalDatatype>LOGDT024</logicalDatatype>
<dataTypeSize>50</dataTypeSize>
<ownDataTypeParameters>50,,</ownDataTypeParameters>
<autoIncrementCycle>false</autoIncrementCycle>
</Column>
<Column name="ship_comission_date" id="E7898647-FC59-4D96-EC0F-051F4FC8D328">
<createdBy>User</createdBy>
<createdTime>2025-05-02 05:42:11 UTC</createdTime>
<commentInRDBMS><![CDATA[The date the ship was comissioned]]></commentInRDBMS>
<generatorID>43AE556E-8C14-511A-5E18-13B26679AF18</generatorID>
<ownerDesignName>oo_logical</ownerDesignName>
<useDomainConstraints>false</useDomainConstraints>
<use>1</use>
<logicalDatatype>LOGDT007</logicalDatatype>
<ownDataTypeParameters>,,</ownDataTypeParameters>
<autoIncrementCycle>false</autoIncrementCycle>
</Column>
<Column name="ship_tonnage" id="46EE6401-090A-3C7F-CCF9-B26C601A6344">
<createdBy>User</createdBy>
<createdTime>2025-05-02 05:42:11 UTC</createdTime>
<commentInRDBMS><![CDATA[The tonnage of the ship.]]></commentInRDBMS>
<generatorID>E31D6113-C816-2FE8-228B-2D1F428EA5F9</generatorID>
<ownerDesignName>oo_logical</ownerDesignName>
<useDomainConstraints>false</useDomainConstraints>
<use>1</use>
<logicalDatatype>LOGDT019</logicalDatatype>
<dataTypePrecision>8</dataTypePrecision>
<dataTypeScale>2</dataTypeScale>
<ownDataTypeParameters>,8,2</ownDataTypeParameters>
<autoIncrementCycle>false</autoIncrementCycle>
</Column>
<Column name="ship_max_guest_capa" id="5A883B6C-A2EE-9D48-DD1F-B74739AC647F">
<createdBy>User</createdBy>
<createdTime>2025-05-02 05:42:11 UTC</createdTime>
<commentInRDBMS><![CDATA[The ship's maximum passenger capacity.]]></commentInRDBMS>
<generatorID>5A363631-DFBF-C05A-FC2E-909A7E6CC415</generatorID>
<ownerDesignName>oo_logical</ownerDesignName>
<useDomainConstraints>false</useDomainConstraints>
<use>1</use>
<logicalDatatype>LOGDT019</logicalDatatype>
<dataTypePrecision>5</dataTypePrecision>
<ownDataTypeParameters>,5,</ownDataTypeParameters>
<autoIncrementCycle>false</autoIncrementCycle>
</Column>
<Column name="operator_id" id="E72AA16A-BAC0-46D0-9AE4-D6263AEB80F1">
<createdBy>User</createdBy>
<createdTime>2025-05-02 05:42:11 UTC</createdTime>
<commentInRDBMS><![CDATA[The operator ID.]]></commentInRDBMS>
<generatorID>ACAF4D15-42AE-E6A4-1092-1F360A997279</generatorID>
<ownerDesignName>oo_logical</ownerDesignName>
<useDomainConstraints>false</useDomainConstraints>
<use>1</use>
<logicalDatatype>LOGDT019</logicalDatatype>
<dataTypePrecision>7</dataTypePrecision>
<ownDataTypeParameters>,,</ownDataTypeParameters>
<previousColumn>false</previousColumn>
<autoIncrementCycle>false</autoIncrementCycle>
<associations>
<colAssociation fkAssociation="F1579AC6-FEDF-5EFA-3CCB-835E5BCD8799" referredColumn="2DBA1414-7486-F9C5-676B-5ED0D9363D74"/>
</associations>
</Column>
<Column name="country_code" id="41BABEAD-73D9-3079-C529-974252B04FD1">
<createdBy>User</createdBy>
<createdTime>2025-05-02 05:42:11 UTC</createdTime>
<commentInRDBMS><![CDATA[The code of a country.]]></commentInRDBMS>
<generatorID>50145ACB-2197-92D3-B61B-ABE68A8669BA</generatorID>
<ownerDesignName>oo_logical</ownerDesignName>
<useDomainConstraints>false</useDomainConstraints>
<use>1</use>
<logicalDatatype>LOGDT025</logicalDatatype>
<dataTypeSize>3</dataTypeSize>
<ownDataTypeParameters>,,</ownDataTypeParameters>
<previousColumn>false</previousColumn>
<autoIncrementCycle>false</autoIncrementCycle>
<associations>
<colAssociation fkAssociation="9563047D-E8D4-AE34-6BE2-D1F782DE83BB" referredColumn="12C04931-0898-9A9F-99C4-001007A15197"/>
</associations>
</Column>
</columns>
<indexes itemClass="oracle.dbtools.crest.model.design.relational.Index">
<ind_PK_UK id="8D63CA7B-64D6-0822-7495-C3C5F1CDB851" name="SHIP_PK">
<createdBy>User</createdBy>
<createdTime>2025-05-02 05:42:11 UTC</createdTime>
<generatorID>4980151D-CC6F-5D5C-5703-35D214D733ED</generatorID>
<ownerDesignName>oo_logical</ownerDesignName>
<pk>true</pk>
<indexState>Primary Constraint</indexState>
<isSurrogateKey>false</isSurrogateKey>
<indexColumnUsage>
<colUsage columnID="4E7B4592-0174-6FAA-F637-E5734206D72F"/>
</indexColumnUsage>
</ind_PK_UK>
<ind_PK_UK id="7D9789FD-83D7-DA9D-E9B7-55E9E4A713B0" name="country_ship_fk">
<createdBy>User</createdBy>
<createdTime>2025-05-02 05:42:11 UTC</createdTime>
<generatorID>CC672781-3277-92CD-5FC3-E084BF49E262</generatorID>
<ownerDesignName>oo_logical</ownerDesignName>
<indexState>Foreign Key</indexState>
<isSurrogateKey>false</isSurrogateKey>
<indexColumnUsage>
<colUsage columnID="41BABEAD-73D9-3079-C529-974252B04FD1"/>
</indexColumnUsage>
</ind_PK_UK>
<ind_PK_UK id="2FE9E8EC-4F14-CBCD-A568-7E56E7DB5074" name="operator_ship_fk">
<createdBy>User</createdBy>
<createdTime>2025-05-02 05:42:11 UTC</createdTime>
<generatorID>1F5B732F-8FA6-A387-0E6D-594546013E41</generatorID>
<ownerDesignName>oo_logical</ownerDesignName>
<indexState>Foreign Key</indexState>
<isSurrogateKey>false</isSurrogateKey>
<indexColumnUsage>
<colUsage columnID="E72AA16A-BAC0-46D0-9AE4-D6263AEB80F1"/>
</indexColumnUsage>
</ind_PK_UK>
</indexes>
</Table>
