<?xml version = '1.0' encoding = 'UTF-8'?>
<Table class="oracle.dbtools.crest.model.design.relational.Table" directorySegmentName="seg_0" id="2DAD592D-F541-E1E0-3C31-59E5AFF04D36" name="OPERATOR">
<createdBy>User</createdBy>
<createdTime>2025-05-02 05:42:11 UTC</createdTime>
<generatorID>47D24074-2167-1112-BE68-20C3DB32F015</generatorID>
<ownerDesignName>oo_logical</ownerDesignName>
<allowColumnReorder>false</allowColumnReorder>
<existDependencyGenerateInDDl>true</existDependencyGenerateInDDl>
<parsed>true</parsed>
<columns itemClass="oracle.dbtools.crest.model.design.relational.Column">
<Column name="operator_id" id="2DBA1414-7486-F9C5-676B-5ED0D9363D74">
<createdBy>User</createdBy>
<createdTime>2025-05-02 05:42:11 UTC</createdTime>
<commentInRDBMS><![CDATA[The operator ID.]]></commentInRDBMS>
<generatorID>BA83A458-7819-7343-DD1C-B90099D70B4D</generatorID>
<ownerDesignName>oo_logical</ownerDesignName>
<useDomainConstraints>false</useDomainConstraints>
<use>1</use>
<logicalDatatype>LOGDT019</logicalDatatype>
<dataTypePrecision>7</dataTypePrecision>
<ownDataTypeParameters>,7,</ownDataTypeParameters>
<autoIncrementCycle>false</autoIncrementCycle>
</Column>
<Column name="operator_name" id="BD69681C-0AEA-105F-641B-3863931B40B6">
<createdBy>User</createdBy>
<createdTime>2025-05-02 05:42:11 UTC</createdTime>
<commentInRDBMS><![CDATA[The name of the operator company.]]></commentInRDBMS>
<generatorID>BB375DF8-7F3B-EF09-48B7-BC84DE0BBC6D</generatorID>
<ownerDesignName>oo_logical</ownerDesignName>
<useDomainConstraints>false</useDomainConstraints>
<use>1</use>
<logicalDatatype>LOGDT024</logicalDatatype>
<dataTypeSize>50</dataTypeSize>
<ownDataTypeParameters>50,,</ownDataTypeParameters>
<autoIncrementCycle>false</autoIncrementCycle>
</Column>
<Column name="operator_ceo_name" id="C09745DE-3A6A-6305-3515-05C2F930B725">
<createdBy>User</createdBy>
<createdTime>2025-05-02 05:42:11 UTC</createdTime>
<commentInRDBMS><![CDATA[The name of the operator CEO.]]></commentInRDBMS>
<generatorID>55E2A49C-5DCF-A63E-4E5E-B1556CCBC4ED</generatorID>
<ownerDesignName>oo_logical</ownerDesignName>
<useDomainConstraints>false</useDomainConstraints>
<use>1</use>
<logicalDatatype>LOGDT024</logicalDatatype>
<dataTypeSize>50</dataTypeSize>
<ownDataTypeParameters>50,,</ownDataTypeParameters>
<autoIncrementCycle>false</autoIncrementCycle>
</Column>
</columns>
<indexes itemClass="oracle.dbtools.crest.model.design.relational.Index">
<ind_PK_UK id="B2988F7C-9DDA-CD2E-16FE-0B7B3DC181C6" name="OPERATOR_PK">
<createdBy>User</createdBy>
<createdTime>2025-05-02 05:42:11 UTC</createdTime>
<generatorID>0A6677A1-3C5D-71F2-D29B-FB0B342887CB</generatorID>
<ownerDesignName>oo_logical</ownerDesignName>
<pk>true</pk>
<indexState>Primary Constraint</indexState>
<isSurrogateKey>false</isSurrogateKey>
<indexColumnUsage>
<colUsage columnID="2DBA1414-7486-F9C5-676B-5ED0D9363D74"/>
</indexColumnUsage>
</ind_PK_UK>
</indexes>
</Table>
