<?xml version = '1.0' encoding = 'UTF-8'?>
<Table class="oracle.dbtools.crest.model.design.relational.Table" directorySegmentName="seg_0" id="5001201D-968A-12B3-9C49-C18C34C1B3A9" name="PASSENGER">
<createdBy>User</createdBy>
<createdTime>2025-05-02 05:42:11 UTC</createdTime>
<generatorID>5E5166DD-623B-FC96-3963-BDC0E8CEA4E0</generatorID>
<ownerDesignName>oo_logical</ownerDesignName>
<allowColumnReorder>false</allowColumnReorder>
<existDependencyGenerateInDDl>true</existDependencyGenerateInDDl>
<parsed>true</parsed>
<columns itemClass="oracle.dbtools.crest.model.design.relational.Column">
<Column name="passenger_id" id="228F1040-6BA1-CD6F-A2E5-2439ADFE4E5B">
<createdBy>User</createdBy>
<createdTime>2025-05-02 05:42:11 UTC</createdTime>
<commentInRDBMS><![CDATA[The ID of the passenger who made their cruise booking.]]></commentInRDBMS>
<generatorID>035B3F69-A8DD-0B74-BF7B-90754FA7DB68</generatorID>
<ownerDesignName>oo_logical</ownerDesignName>
<useDomainConstraints>false</useDomainConstraints>
<use>1</use>
<logicalDatatype>LOGDT019</logicalDatatype>
<dataTypePrecision>7</dataTypePrecision>
<ownDataTypeParameters>,7,</ownDataTypeParameters>
<autoIncrementCycle>false</autoIncrementCycle>
</Column>
<Column name="passenger_fname" id="484C56D1-8B22-2E42-B2AD-24FAB7A58CF2">
<createdBy>User</createdBy>
<createdTime>2025-05-02 05:42:11 UTC</createdTime>
<commentInRDBMS><![CDATA[First name of the passenger.]]></commentInRDBMS>
<generatorID>157C5E8B-2319-BD05-3D08-2A10F6498670</generatorID>
<ownerDesignName>oo_logical</ownerDesignName>
<nullsAllowed>true</nullsAllowed>
<useDomainConstraints>false</useDomainConstraints>
<use>1</use>
<logicalDatatype>LOGDT024</logicalDatatype>
<dataTypeSize>25</dataTypeSize>
<ownDataTypeParameters>25,,</ownDataTypeParameters>
<autoIncrementCycle>false</autoIncrementCycle>
</Column>
<Column name="passenger_lname" id="F70104E8-5D6C-19D1-1CD2-323BF96A935E">
<createdBy>User</createdBy>
<createdTime>2025-05-02 05:42:11 UTC</createdTime>
<commentInRDBMS><![CDATA[Last name of the passenger.]]></commentInRDBMS>
<generatorID>55AA10BE-92F4-CDF5-E45D-2F9EF5486EE7</generatorID>
<ownerDesignName>oo_logical</ownerDesignName>
<nullsAllowed>true</nullsAllowed>
<useDomainConstraints>false</useDomainConstraints>
<use>1</use>
<logicalDatatype>LOGDT024</logicalDatatype>
<dataTypeSize>25</dataTypeSize>
<ownDataTypeParameters>25,,</ownDataTypeParameters>
<autoIncrementCycle>false</autoIncrementCycle>
</Column>
<Column name="passenger_gender" id="E76BA09D-470B-4F5E-0B98-4A9290389008">
<createdBy>User</createdBy>
<createdTime>2025-05-02 05:42:11 UTC</createdTime>
<commentInRDBMS><![CDATA[Record the gender of passenger as 'F' for 'Female', 'M' for 'Male' and 'N' for 'Prefer not to say'.]]></commentInRDBMS>
<generatorID>255A8F0F-0D41-A1BB-D764-C2E37EA2CA9B</generatorID>
<ownerDesignName>oo_logical</ownerDesignName>
<constraintName>chk_gender</constraintName>
<useDomainConstraints>false</useDomainConstraints>
<use>1</use>
<logicalDatatype>LOGDT025</logicalDatatype>
<dataTypeSize>1</dataTypeSize>
<listOfValues>
<valueDef value="F" description="Female"/>
<valueDef value="M" description="Male"/>
<valueDef value="N" description="Prefer not to say"/>
</listOfValues>
<ownDataTypeParameters>1,,</ownDataTypeParameters>
<autoIncrementCycle>false</autoIncrementCycle>
</Column>
<Column name="passenger_dob" id="4DBFDFA2-4B74-6E3D-6241-42417A754934">
<createdBy>User</createdBy>
<createdTime>2025-05-02 05:42:11 UTC</createdTime>
<commentInRDBMS><![CDATA[Passenger's date of birth.]]></commentInRDBMS>
<generatorID>521F6B4C-FB3E-D347-5A75-FA1187DB29C7</generatorID>
<ownerDesignName>oo_logical</ownerDesignName>
<useDomainConstraints>false</useDomainConstraints>
<use>1</use>
<logicalDatatype>LOGDT007</logicalDatatype>
<ownDataTypeParameters>,,</ownDataTypeParameters>
<autoIncrementCycle>false</autoIncrementCycle>
</Column>
<Column name="passenger_phone" id="2CCB047F-B9B0-2AFE-0FAC-84384E85D3EC">
<createdBy>User</createdBy>
<createdTime>2025-05-02 05:42:11 UTC</createdTime>
<commentInRDBMS><![CDATA[The phone number of passengers who are above 18 years old]]></commentInRDBMS>
<generatorID>8EA91768-08A5-00B9-8EF9-133753C1E076</generatorID>
<ownerDesignName>oo_logical</ownerDesignName>
<nullsAllowed>true</nullsAllowed>
<useDomainConstraints>false</useDomainConstraints>
<use>1</use>
<logicalDatatype>LOGDT024</logicalDatatype>
<dataTypeSize>15</dataTypeSize>
<ownDataTypeParameters>15,,</ownDataTypeParameters>
<autoIncrementCycle>false</autoIncrementCycle>
</Column>
<Column name="passenger_guard_id" id="5457E10A-7758-49A6-E8AF-7306D224B3B0">
<createdBy>User</createdBy>
<createdTime>2025-05-02 05:42:11 UTC</createdTime>
<commentInRDBMS><![CDATA[The ID of the passenger who made their cruise booking.]]></commentInRDBMS>
<generatorID>A2BC7195-125D-352C-7E50-67E591C65AA8</generatorID>
<ownerDesignName>oo_logical</ownerDesignName>
<nullsAllowed>true</nullsAllowed>
<useDomainConstraints>false</useDomainConstraints>
<use>1</use>
<logicalDatatype>LOGDT019</logicalDatatype>
<dataTypePrecision>7</dataTypePrecision>
<ownDataTypeParameters>,,</ownDataTypeParameters>
<previousColumn>false</previousColumn>
<autoIncrementCycle>false</autoIncrementCycle>
<associations>
<colAssociation fkAssociation="65D8CFA4-B88F-6F87-0CEF-0D779BCAA829" referredColumn="228F1040-6BA1-CD6F-A2E5-2439ADFE4E5B"/>
</associations>
</Column>
<Column name="addr_id" id="CB68D6D8-136E-2EF6-8911-AECFBD3BF6DE">
<createdBy>User</createdBy>
<createdTime>2025-05-02 05:42:11 UTC</createdTime>
<commentInRDBMS><![CDATA[A surrogate key]]></commentInRDBMS>
<generatorID>3DBF3118-21EA-8131-EF3F-0821801B7609</generatorID>
<ownerDesignName>oo_logical</ownerDesignName>
<useDomainConstraints>false</useDomainConstraints>
<use>1</use>
<logicalDatatype>LOGDT019</logicalDatatype>
<dataTypePrecision>7</dataTypePrecision>
<ownDataTypeParameters>,,</ownDataTypeParameters>
<previousColumn>false</previousColumn>
<autoIncrementCycle>false</autoIncrementCycle>
<associations>
<colAssociation fkAssociation="95ECEA10-C88D-FBAB-4FD3-3E0082B22F05" referredColumn="94806CBB-3449-FC79-1079-9EA60916BC69"/>
</associations>
</Column>
</columns>
<indexes itemClass="oracle.dbtools.crest.model.design.relational.Index">
<ind_PK_UK id="2DEA13B3-1FC8-41F3-4968-385A1D06034F" name="PASSENGER_PK">
<createdBy>User</createdBy>
<createdTime>2025-05-02 05:42:11 UTC</createdTime>
<generatorID>80563849-AA55-CEEA-7AAF-051E74FCECC7</generatorID>
<ownerDesignName>oo_logical</ownerDesignName>
<pk>true</pk>
<indexState>Primary Constraint</indexState>
<isSurrogateKey>false</isSurrogateKey>
<indexColumnUsage>
<colUsage columnID="228F1040-6BA1-CD6F-A2E5-2439ADFE4E5B"/>
</indexColumnUsage>
</ind_PK_UK>
<ind_PK_UK id="F856F9F9-7BCC-A0F8-5DD5-D2B1E66779C0" name="address_passenger_fk">
<createdBy>User</createdBy>
<createdTime>2025-05-02 05:42:11 UTC</createdTime>
<generatorID>7922F3E8-BCF2-DDB2-867C-766A5EAB729A</generatorID>
<ownerDesignName>oo_logical</ownerDesignName>
<indexState>Foreign Key</indexState>
<isSurrogateKey>false</isSurrogateKey>
<indexColumnUsage>
<colUsage columnID="CB68D6D8-136E-2EF6-8911-AECFBD3BF6DE"/>
</indexColumnUsage>
</ind_PK_UK>
<ind_PK_UK id="6F1F8621-CCF5-A680-FB32-61D01120CE35" name="passenger_passenger(guardian)_fk">
<createdBy>User</createdBy>
<createdTime>2025-05-02 05:42:11 UTC</createdTime>
<generatorID>2AAD9C51-9178-3CAC-6CA5-28A4644B2A8D</generatorID>
<ownerDesignName>oo_logical</ownerDesignName>
<indexState>Foreign Key</indexState>
<isSurrogateKey>false</isSurrogateKey>
<indexColumnUsage>
<colUsage columnID="5457E10A-7758-49A6-E8AF-7306D224B3B0"/>
</indexColumnUsage>
</ind_PK_UK>
</indexes>
</Table>
