<?xml version = '1.0' encoding = 'UTF-8'?>
<Table class="oracle.dbtools.crest.model.design.relational.Table" directorySegmentName="seg_0" id="556B1BB4-8020-2B6B-500E-C7A5F20A09DD" name="ADDRESS">
<createdBy>User</createdBy>
<createdTime>2025-05-02 05:42:11 UTC</createdTime>
<generatorID>53968A70-D7B3-956E-1C07-43E90F4CA6A6</generatorID>
<ownerDesignName>oo_logical</ownerDesignName>
<allowColumnReorder>false</allowColumnReorder>
<existDependencyGenerateInDDl>true</existDependencyGenerateInDDl>
<parsed>true</parsed>
<columns itemClass="oracle.dbtools.crest.model.design.relational.Column">
<Column name="addr_id" id="94806CBB-3449-FC79-1079-9EA60916BC69">
<createdBy>User</createdBy>
<createdTime>2025-05-02 05:42:11 UTC</createdTime>
<commentInRDBMS><![CDATA[A surrogate key]]></commentInRDBMS>
<generatorID>53CBB7A0-FDFA-B7CB-1CC9-C8011292F504</generatorID>
<ownerDesignName>oo_logical</ownerDesignName>
<useDomainConstraints>false</useDomainConstraints>
<use>1</use>
<logicalDatatype>LOGDT019</logicalDatatype>
<dataTypePrecision>7</dataTypePrecision>
<ownDataTypeParameters>,7,</ownDataTypeParameters>
<autoIncrementCycle>false</autoIncrementCycle>
</Column>
<Column name="addr_street" id="179F7B03-7F52-0446-0AE2-AF319983ADB7">
<createdBy>User</createdBy>
<createdTime>2025-05-02 05:42:11 UTC</createdTime>
<commentInRDBMS><![CDATA[The street name of the address.]]></commentInRDBMS>
<generatorID>7AA80D88-FF31-2FA0-B517-084FC6FD0436</generatorID>
<ownerDesignName>oo_logical</ownerDesignName>
<useDomainConstraints>false</useDomainConstraints>
<use>1</use>
<logicalDatatype>LOGDT024</logicalDatatype>
<dataTypeSize>30</dataTypeSize>
<ownDataTypeParameters>30,,</ownDataTypeParameters>
<autoIncrementCycle>false</autoIncrementCycle>
</Column>
<Column name="addr_town" id="4BA1879C-B20E-83EE-3E8B-AE7888C7F8A5">
<createdBy>User</createdBy>
<createdTime>2025-05-02 05:42:11 UTC</createdTime>
<commentInRDBMS><![CDATA[The town name of the address.]]></commentInRDBMS>
<generatorID>AE02CD2B-D765-3B3C-ABA6-5A73BBE55F54</generatorID>
<ownerDesignName>oo_logical</ownerDesignName>
<useDomainConstraints>false</useDomainConstraints>
<use>1</use>
<logicalDatatype>LOGDT024</logicalDatatype>
<dataTypeSize>30</dataTypeSize>
<ownDataTypeParameters>30,,</ownDataTypeParameters>
<autoIncrementCycle>false</autoIncrementCycle>
</Column>
<Column name="addr_postcode" id="429E1E0D-FF4A-7F3B-99B4-0325334FE768">
<createdBy>User</createdBy>
<createdTime>2025-05-02 05:42:11 UTC</createdTime>
<commentInRDBMS><![CDATA[The postcode of the address.]]></commentInRDBMS>
<generatorID>E3BEB183-01DA-785D-D8CF-76CC36C517A9</generatorID>
<ownerDesignName>oo_logical</ownerDesignName>
<useDomainConstraints>false</useDomainConstraints>
<use>1</use>
<logicalDatatype>LOGDT024</logicalDatatype>
<dataTypeSize>10</dataTypeSize>
<ownDataTypeParameters>10,,</ownDataTypeParameters>
<autoIncrementCycle>false</autoIncrementCycle>
</Column>
<Column name="country_code" id="52741EFF-ABE4-BFC1-FCE9-EED4D2D99CF2">
<createdBy>User</createdBy>
<createdTime>2025-05-02 05:42:11 UTC</createdTime>
<commentInRDBMS><![CDATA[The code of a country.]]></commentInRDBMS>
<generatorID>A46FDBD8-CD77-0824-4404-68FEFD1DD504</generatorID>
<ownerDesignName>oo_logical</ownerDesignName>
<useDomainConstraints>false</useDomainConstraints>
<use>1</use>
<logicalDatatype>LOGDT025</logicalDatatype>
<dataTypeSize>3</dataTypeSize>
<ownDataTypeParameters>,,</ownDataTypeParameters>
<previousColumn>false</previousColumn>
<autoIncrementCycle>false</autoIncrementCycle>
<associations>
<colAssociation fkAssociation="89A08F85-6A1B-908D-97A4-AA0AA4EEBA46" referredColumn="12C04931-0898-9A9F-99C4-001007A15197"/>
</associations>
</Column>
</columns>
<indexes itemClass="oracle.dbtools.crest.model.design.relational.Index">
<ind_PK_UK id="1038B541-5859-45F1-9666-70622B5C78E6" name="ADDRESS_PK">
<createdBy>User</createdBy>
<createdTime>2025-05-02 05:42:11 UTC</createdTime>
<generatorID>F7A03A71-0035-FD84-4D0B-15E115025B2B</generatorID>
<ownerDesignName>oo_logical</ownerDesignName>
<pk>true</pk>
<indexState>Primary Constraint</indexState>
<isSurrogateKey>false</isSurrogateKey>
<indexColumnUsage>
<colUsage columnID="94806CBB-3449-FC79-1079-9EA60916BC69"/>
</indexColumnUsage>
</ind_PK_UK>
<ind_PK_UK id="88DA2791-2D4A-4274-5380-E2320302A3A4" name="ADDRESS_NK">
<createdBy>User</createdBy>
<createdTime>2025-05-02 05:42:11 UTC</createdTime>
<generatorID>9265E09E-4DE1-4420-1050-DE636A0B854E</generatorID>
<ownerDesignName>oo_logical</ownerDesignName>
<indexState>Unique Constraint</indexState>
<isSurrogateKey>false</isSurrogateKey>
<indexColumnUsage>
<colUsage columnID="179F7B03-7F52-0446-0AE2-AF319983ADB7"/>
<colUsage columnID="4BA1879C-B20E-83EE-3E8B-AE7888C7F8A5"/>
<colUsage columnID="429E1E0D-FF4A-7F3B-99B4-0325334FE768"/>
<colUsage columnID="52741EFF-ABE4-BFC1-FCE9-EED4D2D99CF2"/>
</indexColumnUsage>
</ind_PK_UK>
<ind_PK_UK id="2A729C7F-3A4F-320B-B232-9CD1BEF3B2F5" name="country_addr_fk">
<createdBy>User</createdBy>
<createdTime>2025-05-02 05:42:11 UTC</createdTime>
<generatorID>83CA41CD-14ED-B93C-617E-5440B7944631</generatorID>
<ownerDesignName>oo_logical</ownerDesignName>
<indexState>Foreign Key</indexState>
<isSurrogateKey>false</isSurrogateKey>
<indexColumnUsage>
<colUsage columnID="52741EFF-ABE4-BFC1-FCE9-EED4D2D99CF2"/>
</indexColumnUsage>
</ind_PK_UK>
</indexes>
</Table>
