<?xml version = '1.0' encoding = 'UTF-8'?>
<Table class="oracle.dbtools.crest.model.design.relational.Table" directorySegmentName="seg_0" id="8091AB34-DC38-6F69-0893-5BD39553A509" name="CRUISE">
<createdBy>User</createdBy>
<createdTime>2025-05-02 05:42:11 UTC</createdTime>
<generatorID>2253A09B-7B91-4135-5453-BAD7D83103F9</generatorID>
<ownerDesignName>oo_logical</ownerDesignName>
<allowColumnReorder>false</allowColumnReorder>
<existDependencyGenerateInDDl>true</existDependencyGenerateInDDl>
<parsed>true</parsed>
<columns itemClass="oracle.dbtools.crest.model.design.relational.Column">
<Column name="cruise_id" id="3B1B2251-2A5E-0628-5685-73B2625C9C00">
<createdBy>User</createdBy>
<createdTime>2025-05-02 05:42:11 UTC</createdTime>
<commentInRDBMS><![CDATA[Cruise ID identifies each cruise on a particular ship.]]></commentInRDBMS>
<generatorID>1E00A0B3-9B20-BDBF-DD8A-0C9771342D5D</generatorID>
<ownerDesignName>oo_logical</ownerDesignName>
<useDomainConstraints>false</useDomainConstraints>
<use>1</use>
<logicalDatatype>LOGDT019</logicalDatatype>
<dataTypePrecision>4</dataTypePrecision>
<ownDataTypeParameters>,4,</ownDataTypeParameters>
<autoIncrementCycle>false</autoIncrementCycle>
</Column>
<Column name="cruise_name" id="8DA926BA-3AB5-DF5D-24A5-9C15AD7C1C8D">
<createdBy>User</createdBy>
<createdTime>2025-05-02 05:42:11 UTC</createdTime>
<commentInRDBMS><![CDATA[Name of the cruise.]]></commentInRDBMS>
<generatorID>B5839C1C-6DFF-A743-69A6-BFFFC703576E</generatorID>
<ownerDesignName>oo_logical</ownerDesignName>
<useDomainConstraints>false</useDomainConstraints>
<use>1</use>
<logicalDatatype>LOGDT024</logicalDatatype>
<dataTypeSize>50</dataTypeSize>
<ownDataTypeParameters>50,,</ownDataTypeParameters>
<autoIncrementCycle>false</autoIncrementCycle>
</Column>
<Column name="cruise_desc" id="F7A83735-EBC9-3D26-7214-D989639617A1">
<createdBy>User</createdBy>
<createdTime>2025-05-02 05:42:11 UTC</createdTime>
<commentInRDBMS><![CDATA[Description of the cruise.]]></commentInRDBMS>
<generatorID>77905FF1-7AEB-9DA6-EAE7-BFCF2192DE40</generatorID>
<ownerDesignName>oo_logical</ownerDesignName>
<useDomainConstraints>false</useDomainConstraints>
<use>1</use>
<logicalDatatype>LOGDT024</logicalDatatype>
<dataTypeSize>50</dataTypeSize>
<ownDataTypeParameters>50,,</ownDataTypeParameters>
<autoIncrementCycle>false</autoIncrementCycle>
</Column>
<Column name="cruise_depart_dt" id="E3453CF2-0CE0-CC33-2701-5EEC5F5350FE">
<createdBy>User</createdBy>
<createdTime>2025-05-02 05:42:11 UTC</createdTime>
<commentInRDBMS><![CDATA[The departure time of a cruise]]></commentInRDBMS>
<generatorID>E98453E7-A084-6B5F-7391-421CD63A7210</generatorID>
<ownerDesignName>oo_logical</ownerDesignName>
<useDomainConstraints>false</useDomainConstraints>
<use>1</use>
<logicalDatatype>LOGDT007</logicalDatatype>
<ownDataTypeParameters>,,</ownDataTypeParameters>
<autoIncrementCycle>false</autoIncrementCycle>
</Column>
<Column name="cruise_cost_per_person" id="1676D7E8-0D77-AF73-0EDA-734CE2CEB3D0">
<createdBy>User</createdBy>
<createdTime>2025-05-02 05:42:11 UTC</createdTime>
<commentInRDBMS><![CDATA[The cost of a cruise per person]]></commentInRDBMS>
<generatorID>85646566-8DFF-2F0D-1067-9D82FA169C18</generatorID>
<ownerDesignName>oo_logical</ownerDesignName>
<useDomainConstraints>false</useDomainConstraints>
<use>1</use>
<logicalDatatype>LOGDT019</logicalDatatype>
<dataTypePrecision>6</dataTypePrecision>
<dataTypeScale>2</dataTypeScale>
<ownDataTypeParameters>,6,2</ownDataTypeParameters>
<autoIncrementCycle>false</autoIncrementCycle>
</Column>
<Column name="ship_code" id="AAAC5EEE-CD92-509B-CC7C-05EC78B6DE9F">
<createdBy>User</createdBy>
<createdTime>2025-05-02 05:42:11 UTC</createdTime>
<commentInRDBMS><![CDATA[The code of the ship.]]></commentInRDBMS>
<generatorID>49E6BAFF-B30D-3158-9069-D8A6CF7D2EE2</generatorID>
<ownerDesignName>oo_logical</ownerDesignName>
<useDomainConstraints>false</useDomainConstraints>
<use>1</use>
<logicalDatatype>LOGDT024</logicalDatatype>
<dataTypeSize>7</dataTypeSize>
<ownDataTypeParameters>,,</ownDataTypeParameters>
<previousColumn>false</previousColumn>
<autoIncrementCycle>false</autoIncrementCycle>
<associations>
<colAssociation fkAssociation="A54954D4-C2BD-D504-BCB8-6DEF5A0A3BE8" referredColumn="4E7B4592-0174-6FAA-F637-E5734206D72F"/>
</associations>
</Column>
</columns>
<indexes itemClass="oracle.dbtools.crest.model.design.relational.Index">
<ind_PK_UK id="46AA12A8-C39C-75D6-C35F-6CCA01FB6CD3" name="CRUISE_PK">
<createdBy>User</createdBy>
<createdTime>2025-05-02 05:42:11 UTC</createdTime>
<generatorID>BD794D0B-BA91-BEAC-BB00-365B45742FAB</generatorID>
<ownerDesignName>oo_logical</ownerDesignName>
<pk>true</pk>
<indexState>Primary Constraint</indexState>
<isSurrogateKey>false</isSurrogateKey>
<indexColumnUsage>
<colUsage columnID="3B1B2251-2A5E-0628-5685-73B2625C9C00"/>
</indexColumnUsage>
</ind_PK_UK>
<ind_PK_UK id="676B6EB3-9E36-F152-80A3-0209CDA292F8" name="ship_cruise_fk">
<createdBy>User</createdBy>
<createdTime>2025-05-02 05:42:11 UTC</createdTime>
<generatorID>C16A104E-DD6E-6417-5C49-2E888321C7CF</generatorID>
<ownerDesignName>oo_logical</ownerDesignName>
<indexState>Foreign Key</indexState>
<isSurrogateKey>false</isSurrogateKey>
<indexColumnUsage>
<colUsage columnID="AAAC5EEE-CD92-509B-CC7C-05EC78B6DE9F"/>
</indexColumnUsage>
</ind_PK_UK>
</indexes>
</Table>
