<?xml version = '1.0' encoding = 'UTF-8'?>
<Table class="oracle.dbtools.crest.model.design.relational.Table" directorySegmentName="seg_0" id="8385B26C-8EBC-5611-FFCF-33A2AF5200C0" name="COUNTRY">
<createdBy>User</createdBy>
<createdTime>2025-05-02 05:42:11 UTC</createdTime>
<generatorID>F0C20EFA-27A2-569D-E614-C9AE93BFCCE0</generatorID>
<ownerDesignName>oo_logical</ownerDesignName>
<allowColumnReorder>false</allowColumnReorder>
<existDependencyGenerateInDDl>true</existDependencyGenerateInDDl>
<parsed>true</parsed>
<columns itemClass="oracle.dbtools.crest.model.design.relational.Column">
<Column name="country_code" id="12C04931-0898-9A9F-99C4-001007A15197">
<createdBy>User</createdBy>
<createdTime>2025-05-02 05:42:11 UTC</createdTime>
<commentInRDBMS><![CDATA[The code of a country.]]></commentInRDBMS>
<generatorID>4C089340-AFF0-5F0F-94D6-47CA00844896</generatorID>
<ownerDesignName>oo_logical</ownerDesignName>
<useDomainConstraints>false</useDomainConstraints>
<use>1</use>
<logicalDatatype>LOGDT025</logicalDatatype>
<dataTypeSize>3</dataTypeSize>
<ownDataTypeParameters>3,,</ownDataTypeParameters>
<autoIncrementCycle>false</autoIncrementCycle>
</Column>
<Column name="country_name" id="02398E99-912D-A95F-5A65-18DAC71EB32C">
<createdBy>User</createdBy>
<createdTime>2025-05-02 05:42:11 UTC</createdTime>
<commentInRDBMS><![CDATA[The name of a country.]]></commentInRDBMS>
<generatorID>ABCFC8D3-C33C-3793-6E94-040475B99380</generatorID>
<ownerDesignName>oo_logical</ownerDesignName>
<useDomainConstraints>false</useDomainConstraints>
<use>1</use>
<logicalDatatype>LOGDT024</logicalDatatype>
<dataTypeSize>50</dataTypeSize>
<ownDataTypeParameters>50,,</ownDataTypeParameters>
<autoIncrementCycle>false</autoIncrementCycle>
</Column>
</columns>
<indexes itemClass="oracle.dbtools.crest.model.design.relational.Index">
<ind_PK_UK id="1C68DAF2-1DDA-5473-1247-4781C5A9E5DA" name="COUNTRY_PK">
<createdBy>User</createdBy>
<createdTime>2025-05-02 05:42:11 UTC</createdTime>
<generatorID>6A47D18E-218A-C9CD-D90E-3BED4F6F844A</generatorID>
<ownerDesignName>oo_logical</ownerDesignName>
<pk>true</pk>
<indexState>Primary Constraint</indexState>
<isSurrogateKey>false</isSurrogateKey>
<indexColumnUsage>
<colUsage columnID="12C04931-0898-9A9F-99C4-001007A15197"/>
</indexColumnUsage>
</ind_PK_UK>
</indexes>
</Table>
