<?xml version = '1.0' encoding = 'UTF-8'?>
<Table class="oracle.dbtools.crest.model.design.relational.Table" directorySegmentName="seg_0" id="A5881950-C100-6672-B846-BE63F6E35157" name="ITINERARY">
<createdBy>User</createdBy>
<createdTime>2025-05-02 05:42:11 UTC</createdTime>
<generatorID>705DDEDC-2001-1023-E068-DCEB502D8512</generatorID>
<ownerDesignName>oo_logical</ownerDesignName>
<allowColumnReorder>false</allowColumnReorder>
<existDependencyGenerateInDDl>true</existDependencyGenerateInDDl>
<parsed>true</parsed>
<columns itemClass="oracle.dbtools.crest.model.design.relational.Column">
<Column name="itinerary_dep_arr_datetime" id="FEB8ABD5-3B25-EC54-29E9-9E7784C8CFD4">
<createdBy>User</createdBy>
<createdTime>2025-05-02 05:42:11 UTC</createdTime>
<commentInRDBMS><![CDATA[Records the departure/ arrival datetime of a cruise]]></commentInRDBMS>
<generatorID>4C2E5E48-699C-623A-67D2-C7050A29EC8B</generatorID>
<ownerDesignName>oo_logical</ownerDesignName>
<useDomainConstraints>false</useDomainConstraints>
<use>1</use>
<logicalDatatype>LOGDT007</logicalDatatype>
<ownDataTypeParameters>,,</ownDataTypeParameters>
<autoIncrementCycle>false</autoIncrementCycle>
</Column>
<Column name="cruise_id" id="A1E4E641-A0CE-5005-8B19-5D958936DDED">
<createdBy>User</createdBy>
<createdTime>2025-05-02 05:42:11 UTC</createdTime>
<commentInRDBMS><![CDATA[Cruise ID identifies each cruise on a particular ship.]]></commentInRDBMS>
<generatorID>DB5CC1B9-2D7F-2975-1A5F-E15E8244EDEE</generatorID>
<ownerDesignName>oo_logical</ownerDesignName>
<useDomainConstraints>false</useDomainConstraints>
<use>1</use>
<logicalDatatype>LOGDT019</logicalDatatype>
<dataTypePrecision>4</dataTypePrecision>
<ownDataTypeParameters>,,</ownDataTypeParameters>
<previousColumn>false</previousColumn>
<autoIncrementCycle>false</autoIncrementCycle>
<associations>
<colAssociation fkAssociation="06A1AE36-ADA9-6A01-C247-07ACAEF3B57A" referredColumn="3B1B2251-2A5E-0628-5685-73B2625C9C00"/>
</associations>
</Column>
<Column name="itinerary_dep_arr_status" id="93234C19-8397-7292-19A0-CD03A6042930">
<createdBy>User</createdBy>
<createdTime>2025-05-02 05:42:11 UTC</createdTime>
<commentInRDBMS><![CDATA[Records the travel status of a cruise which is 'D' for  'Depart' or'A' for  'Arrive']]></commentInRDBMS>
<generatorID>BD8B13A3-B752-102C-47BD-DFE2B9EC9580</generatorID>
<ownerDesignName>oo_logical</ownerDesignName>
<constraintName>chk_depart_arr_status</constraintName>
<useDomainConstraints>false</useDomainConstraints>
<use>1</use>
<logicalDatatype>LOGDT025</logicalDatatype>
<dataTypeSize>1</dataTypeSize>
<listOfValues>
<valueDef value="A" description="Arrive"/>
<valueDef value="D" description="Depart"/>
</listOfValues>
<ownDataTypeParameters>1,,</ownDataTypeParameters>
<autoIncrementCycle>false</autoIncrementCycle>
</Column>
<Column name="port_code" id="01B6E838-9C23-BB88-7FEE-A6AA768A4735">
<createdBy>User</createdBy>
<createdTime>2025-05-02 05:42:11 UTC</createdTime>
<commentInRDBMS><![CDATA[The code of the port.]]></commentInRDBMS>
<generatorID>07BEA482-8C87-3ACF-CE3F-4591BA18593C</generatorID>
<ownerDesignName>oo_logical</ownerDesignName>
<useDomainConstraints>false</useDomainConstraints>
<use>1</use>
<logicalDatatype>LOGDT025</logicalDatatype>
<dataTypeSize>5</dataTypeSize>
<ownDataTypeParameters>,,</ownDataTypeParameters>
<previousColumn>false</previousColumn>
<autoIncrementCycle>false</autoIncrementCycle>
<associations>
<colAssociation fkAssociation="880A9E9D-17DF-4F70-AF41-E7ADB1E612D9" referredColumn="CB2CE4BB-118C-4A06-918E-5DA88379ADEC"/>
</associations>
</Column>
</columns>
<indexes itemClass="oracle.dbtools.crest.model.design.relational.Index">
<ind_PK_UK id="B1D70EE1-12D1-F1CB-1175-73968017B21C" name="ITENERARY_PK">
<createdBy>User</createdBy>
<createdTime>2025-05-02 05:42:11 UTC</createdTime>
<generatorID>A7D1DAB7-EA27-D7DA-6D5A-235A26B65CF9</generatorID>
<ownerDesignName>oo_logical</ownerDesignName>
<pk>true</pk>
<indexState>Primary Constraint</indexState>
<isSurrogateKey>false</isSurrogateKey>
<indexColumnUsage>
<colUsage columnID="A1E4E641-A0CE-5005-8B19-5D958936DDED"/>
<colUsage columnID="FEB8ABD5-3B25-EC54-29E9-9E7784C8CFD4"/>
</indexColumnUsage>
</ind_PK_UK>
<ind_PK_UK id="4DF1CBF8-ABB1-67D5-EC73-5A3B2B357334" name="cruise_itenenary_fk">
<createdBy>User</createdBy>
<createdTime>2025-05-02 05:42:11 UTC</createdTime>
<generatorID>AB02B99A-36BE-F668-4F40-246508F3342D</generatorID>
<ownerDesignName>oo_logical</ownerDesignName>
<indexState>Foreign Key</indexState>
<isSurrogateKey>false</isSurrogateKey>
<indexColumnUsage>
<colUsage columnID="A1E4E641-A0CE-5005-8B19-5D958936DDED"/>
</indexColumnUsage>
</ind_PK_UK>
<ind_PK_UK id="30D752F5-0194-A161-BB86-CD360B97471C" name="port_itenenary_fk">
<createdBy>User</createdBy>
<createdTime>2025-05-02 05:42:11 UTC</createdTime>
<generatorID>6D3AA39B-B89A-9B89-23DE-7E538059B5E6</generatorID>
<ownerDesignName>oo_logical</ownerDesignName>
<indexState>Foreign Key</indexState>
<isSurrogateKey>false</isSurrogateKey>
<indexColumnUsage>
<colUsage columnID="01B6E838-9C23-BB88-7FEE-A6AA768A4735"/>
</indexColumnUsage>
</ind_PK_UK>
</indexes>
</Table>
