<?xml version = '1.0' encoding = 'UTF-8'?>
<Table class="oracle.dbtools.crest.model.design.relational.Table" directorySegmentName="seg_0" id="C774B875-24E0-813F-B81D-70A59A81AFA4" name="MANIFEST">
<createdBy>User</createdBy>
<createdTime>2025-05-02 05:42:11 UTC</createdTime>
<generatorID>CE503509-F457-85E3-0924-6FFB0A17F9CF</generatorID>
<ownerDesignName>oo_logical</ownerDesignName>
<allowColumnReorder>false</allowColumnReorder>
<existDependencyGenerateInDDl>true</existDependencyGenerateInDDl>
<parsed>true</parsed>
<columns itemClass="oracle.dbtools.crest.model.design.relational.Column">
<Column name="passenger_id" id="BB6D27AC-936E-1840-E31A-5B55DF3438E9">
<createdBy>User</createdBy>
<createdTime>2025-05-02 05:42:11 UTC</createdTime>
<commentInRDBMS><![CDATA[The ID of the passenger who made their cruise booking.]]></commentInRDBMS>
<generatorID>97F2732A-E890-61A5-017D-F57C314B090D</generatorID>
<ownerDesignName>oo_logical</ownerDesignName>
<useDomainConstraints>false</useDomainConstraints>
<use>1</use>
<logicalDatatype>LOGDT019</logicalDatatype>
<dataTypePrecision>7</dataTypePrecision>
<ownDataTypeParameters>,,</ownDataTypeParameters>
<previousColumn>false</previousColumn>
<autoIncrementCycle>false</autoIncrementCycle>
<associations>
<colAssociation fkAssociation="3F3E57A1-EAE0-DAC0-F206-C39AADDD19C1" referredColumn="228F1040-6BA1-CD6F-A2E5-2439ADFE4E5B"/>
</associations>
</Column>
<Column name="cruise_id" id="15AC90ED-E3C9-1FDE-D3CB-C1B17811ECE4">
<createdBy>User</createdBy>
<createdTime>2025-05-02 05:42:11 UTC</createdTime>
<commentInRDBMS><![CDATA[Cruise ID identifies each cruise on a particular ship.]]></commentInRDBMS>
<generatorID>F80B533E-6A56-5B37-0BB4-FF9197461C83</generatorID>
<ownerDesignName>oo_logical</ownerDesignName>
<useDomainConstraints>false</useDomainConstraints>
<use>1</use>
<logicalDatatype>LOGDT019</logicalDatatype>
<dataTypePrecision>4</dataTypePrecision>
<ownDataTypeParameters>,,</ownDataTypeParameters>
<previousColumn>false</previousColumn>
<autoIncrementCycle>false</autoIncrementCycle>
<associations>
<colAssociation fkAssociation="336507A5-8AC0-5E41-0541-4394CDAA5783" referredColumn="3B1B2251-2A5E-0628-5685-73B2625C9C00"/>
</associations>
</Column>
<Column name="manifest_boarding_dt" id="6F7AC173-E4CD-E819-45E0-69FD186523E7">
<createdBy>User</createdBy>
<createdTime>2025-05-02 05:42:11 UTC</createdTime>
<commentInRDBMS><![CDATA[The boarding date time of passenger when they board the ship]]></commentInRDBMS>
<generatorID>39915F1E-55EF-766C-E18B-9E94C0EC200C</generatorID>
<ownerDesignName>oo_logical</ownerDesignName>
<nullsAllowed>true</nullsAllowed>
<useDomainConstraints>false</useDomainConstraints>
<use>1</use>
<logicalDatatype>LOGDT007</logicalDatatype>
<ownDataTypeParameters>,,</ownDataTypeParameters>
<autoIncrementCycle>false</autoIncrementCycle>
</Column>
<Column name="cabin_no" id="A3F058E2-B2B4-253E-CF99-7C1C7A62C2E7">
<createdBy>User</createdBy>
<createdTime>2025-05-02 05:42:11 UTC</createdTime>
<commentInRDBMS><![CDATA[Cabin number of the cabin.]]></commentInRDBMS>
<generatorID>0E80D6AF-6130-E68B-5CED-CFBD385ED7BE</generatorID>
<ownerDesignName>oo_logical</ownerDesignName>
<useDomainConstraints>false</useDomainConstraints>
<use>1</use>
<logicalDatatype>LOGDT024</logicalDatatype>
<dataTypeSize>3</dataTypeSize>
<ownDataTypeParameters>,,</ownDataTypeParameters>
<previousColumn>false</previousColumn>
<autoIncrementCycle>false</autoIncrementCycle>
<associations>
<colAssociation fkAssociation="7AB1C6BC-369B-E7B5-6947-C393CBBD1026" referredColumn="3966E339-038B-D579-7387-1BA80B471568"/>
</associations>
</Column>
<Column name="ship_code" id="6F1DBE54-467B-4ECB-5BB0-A119C143C1A3">
<createdBy>User</createdBy>
<createdTime>2025-05-02 05:42:11 UTC</createdTime>
<commentInRDBMS><![CDATA[The code of the ship.]]></commentInRDBMS>
<generatorID>A9252BAE-205E-1371-0323-40F5B10358D8</generatorID>
<ownerDesignName>oo_logical</ownerDesignName>
<useDomainConstraints>false</useDomainConstraints>
<use>1</use>
<logicalDatatype>LOGDT024</logicalDatatype>
<dataTypeSize>7</dataTypeSize>
<ownDataTypeParameters>,,</ownDataTypeParameters>
<previousColumn>false</previousColumn>
<autoIncrementCycle>false</autoIncrementCycle>
<associations>
<colAssociation fkAssociation="7AB1C6BC-369B-E7B5-6947-C393CBBD1026" referredColumn="57375FAF-E0C8-8386-9BBE-462157DBC530"/>
</associations>
</Column>
</columns>
<indexes itemClass="oracle.dbtools.crest.model.design.relational.Index">
<ind_PK_UK id="67684650-E2AE-3840-D02E-F970FD04A9EE" name="MANIFEST_PK">
<createdBy>User</createdBy>
<createdTime>2025-05-02 05:42:11 UTC</createdTime>
<generatorID>49455450-F391-5D4A-486E-E67E15CB0735</generatorID>
<ownerDesignName>oo_logical</ownerDesignName>
<pk>true</pk>
<indexState>Primary Constraint</indexState>
<isSurrogateKey>false</isSurrogateKey>
<indexColumnUsage>
<colUsage columnID="BB6D27AC-936E-1840-E31A-5B55DF3438E9"/>
<colUsage columnID="15AC90ED-E3C9-1FDE-D3CB-C1B17811ECE4"/>
</indexColumnUsage>
</ind_PK_UK>
<ind_PK_UK id="167164A0-B03A-D0C7-6B5E-AB8FB428D492" name="cabin_manifest_fk">
<createdBy>User</createdBy>
<createdTime>2025-05-02 05:42:11 UTC</createdTime>
<generatorID>1DD3A9EF-9170-3DFD-69C3-2CBAD89F6F57</generatorID>
<ownerDesignName>oo_logical</ownerDesignName>
<indexState>Foreign Key</indexState>
<isSurrogateKey>false</isSurrogateKey>
<indexColumnUsage>
<colUsage columnID="A3F058E2-B2B4-253E-CF99-7C1C7A62C2E7"/>
<colUsage columnID="6F1DBE54-467B-4ECB-5BB0-A119C143C1A3"/>
</indexColumnUsage>
</ind_PK_UK>
<ind_PK_UK id="70AE6164-A06B-6CE6-54FD-6AC0E9E6504E" name="cruise_manifest_fk">
<createdBy>User</createdBy>
<createdTime>2025-05-02 05:42:11 UTC</createdTime>
<generatorID>65782C81-77F1-3762-E466-671AB4367D6B</generatorID>
<ownerDesignName>oo_logical</ownerDesignName>
<indexState>Foreign Key</indexState>
<isSurrogateKey>false</isSurrogateKey>
<indexColumnUsage>
<colUsage columnID="15AC90ED-E3C9-1FDE-D3CB-C1B17811ECE4"/>
</indexColumnUsage>
</ind_PK_UK>
<ind_PK_UK id="16C72250-553C-5063-1074-B0F598FBBC6A" name="passenger_manifest_fk">
<createdBy>User</createdBy>
<createdTime>2025-05-02 05:42:11 UTC</createdTime>
<generatorID>6F0A042B-3A63-E4A9-9841-CAFBDC00076E</generatorID>
<ownerDesignName>oo_logical</ownerDesignName>
<indexState>Foreign Key</indexState>
<isSurrogateKey>false</isSurrogateKey>
<indexColumnUsage>
<colUsage columnID="BB6D27AC-936E-1840-E31A-5B55DF3438E9"/>
</indexColumnUsage>
</ind_PK_UK>
</indexes>
</Table>
