<?xml version = '1.0' encoding = 'UTF-8'?>
<Table class="oracle.dbtools.crest.model.design.relational.Table" directorySegmentName="seg_0" id="C7DA43C8-60A3-7878-9FA9-3C81E82ED43F" name="CABIN">
<createdBy>User</createdBy>
<createdTime>2025-05-02 05:42:11 UTC</createdTime>
<generatorID>501C0847-7CBD-498B-F292-D12D324532D7</generatorID>
<ownerDesignName>oo_logical</ownerDesignName>
<allowColumnReorder>false</allowColumnReorder>
<existDependencyGenerateInDDl>true</existDependencyGenerateInDDl>
<parsed>true</parsed>
<columns itemClass="oracle.dbtools.crest.model.design.relational.Column">
<Column name="cabin_no" id="3966E339-038B-D579-7387-1BA80B471568">
<createdBy>User</createdBy>
<createdTime>2025-05-02 05:42:11 UTC</createdTime>
<commentInRDBMS><![CDATA[Cabin number of the cabin.]]></commentInRDBMS>
<generatorID>69580BB8-7E99-986B-3A5A-29AC34D15760</generatorID>
<ownerDesignName>oo_logical</ownerDesignName>
<useDomainConstraints>false</useDomainConstraints>
<use>1</use>
<logicalDatatype>LOGDT024</logicalDatatype>
<dataTypeSize>3</dataTypeSize>
<ownDataTypeParameters>3,,</ownDataTypeParameters>
<autoIncrementCycle>false</autoIncrementCycle>
</Column>
<Column name="ship_code" id="57375FAF-E0C8-8386-9BBE-462157DBC530">
<createdBy>User</createdBy>
<createdTime>2025-05-02 05:42:11 UTC</createdTime>
<commentInRDBMS><![CDATA[The code of the ship.]]></commentInRDBMS>
<generatorID>D986E52E-CB1E-32D3-3110-C942DAD9C216</generatorID>
<ownerDesignName>oo_logical</ownerDesignName>
<useDomainConstraints>false</useDomainConstraints>
<use>1</use>
<logicalDatatype>LOGDT024</logicalDatatype>
<dataTypeSize>7</dataTypeSize>
<ownDataTypeParameters>,,</ownDataTypeParameters>
<previousColumn>false</previousColumn>
<autoIncrementCycle>false</autoIncrementCycle>
<associations>
<colAssociation fkAssociation="4BD75784-F329-92F5-DCDE-853A3D990E3D" referredColumn="4E7B4592-0174-6FAA-F637-E5734206D72F"/>
</associations>
</Column>
<Column name="cabin_sleep_capa" id="934ACC35-2AFA-CEE7-A049-5452F1985BB0">
<createdBy>User</createdBy>
<createdTime>2025-05-02 05:42:11 UTC</createdTime>
<commentInRDBMS><![CDATA[The sleeping capacity of a cabin.]]></commentInRDBMS>
<generatorID>98BA777C-DFBD-0CE0-B051-C03449AE7C5F</generatorID>
<ownerDesignName>oo_logical</ownerDesignName>
<useDomainConstraints>false</useDomainConstraints>
<use>1</use>
<logicalDatatype>LOGDT019</logicalDatatype>
<dataTypePrecision>2</dataTypePrecision>
<ownDataTypeParameters>,2,</ownDataTypeParameters>
<autoIncrementCycle>false</autoIncrementCycle>
</Column>
<Column name="cabin_class" id="9B937DE8-D545-431A-C7AC-DC5393DEBCDE">
<createdBy>User</createdBy>
<createdTime>2025-05-02 05:42:11 UTC</createdTime>
<commentInRDBMS><![CDATA[Class of the cabin which is either 'I' for ' Interior', 'O' for 'Ocean view', 'B' for  'Balcony' or 'S' for ' Suite'.]]></commentInRDBMS>
<generatorID>183C68D0-B59D-DF72-C4DE-C0FC7A994502</generatorID>
<ownerDesignName>oo_logical</ownerDesignName>
<constraintName>chk_cabin_class</constraintName>
<useDomainConstraints>false</useDomainConstraints>
<use>1</use>
<logicalDatatype>LOGDT025</logicalDatatype>
<dataTypeSize>1</dataTypeSize>
<listOfValues>
<valueDef value="B" description="Balcony"/>
<valueDef value="I" description="Interior"/>
<valueDef value="O" description="Ocean view"/>
<valueDef value="S" description="Suite"/>
</listOfValues>
<ownDataTypeParameters>1,,</ownDataTypeParameters>
<autoIncrementCycle>false</autoIncrementCycle>
</Column>
</columns>
<indexes itemClass="oracle.dbtools.crest.model.design.relational.Index">
<ind_PK_UK id="511E8D5D-D13B-B396-DDD4-22867E6EB48D" name="CABIN_PK">
<createdBy>User</createdBy>
<createdTime>2025-05-02 05:42:11 UTC</createdTime>
<generatorID>AC60444A-0B09-5BE4-5B10-0E44451382E4</generatorID>
<ownerDesignName>oo_logical</ownerDesignName>
<pk>true</pk>
<indexState>Primary Constraint</indexState>
<isSurrogateKey>false</isSurrogateKey>
<indexColumnUsage>
<colUsage columnID="3966E339-038B-D579-7387-1BA80B471568"/>
<colUsage columnID="57375FAF-E0C8-8386-9BBE-462157DBC530"/>
</indexColumnUsage>
</ind_PK_UK>
<ind_PK_UK id="E191C93B-09C9-15C7-D6B3-C2C8DEA59182" name="ship_cabin_fk">
<createdBy>User</createdBy>
<createdTime>2025-05-02 05:42:11 UTC</createdTime>
<generatorID>9EFC01B3-C79B-3C2E-1DEE-FF4788604EA2</generatorID>
<ownerDesignName>oo_logical</ownerDesignName>
<indexState>Foreign Key</indexState>
<isSurrogateKey>false</isSurrogateKey>
<indexColumnUsage>
<colUsage columnID="57375FAF-E0C8-8386-9BBE-462157DBC530"/>
</indexColumnUsage>
</ind_PK_UK>
</indexes>
</Table>
