<?xml version = '1.0' encoding = 'UTF-8'?>
<Diagram class="oracle.dbtools.crest.swingui.logical.DPVLogical" name="Logical" id="1F5457EF-BF06-6E86-FB6F-86B83081BB9B">
<createdBy>Tan Siew Quin 35400145</createdBy>
<modifiedBy>Tan Siew Quin 35400145</modifiedBy>
<createdTime>2025-04-20 04:38:26 UTC</createdTime>
<autoRoute>false</autoRoute>
<boxInbox>true</boxInbox>
<showLegend>true</showLegend>
<showLabels>true</showLabels>
<showRelAttributes>false</showRelAttributes>
<gridEnabled>false</gridEnabled>
<showGrid>false</showGrid>
<diagramColor>-1</diagramColor>
<display>false</display>
<notation>2</notation>
<showAllDetails>false</showAllDetails>
<showElements>true</showElements>
<objectViews>
<OView class="oracle.dbtools.crest.swingui.logical.TVEntity" oid="2253A09B-7B91-4135-5453-BAD7D83103F9" otype="Entity" vid="40570750-A457-1ECB-B210-1D8C39FFD85E">
<hideElementsInCurrentOnly>false</hideElementsInCurrentOnly>
<bounds x="722" y="223" width="168" height="110"/>
</OView>
<OView class="oracle.dbtools.crest.swingui.logical.TVEntity" oid="2BF2B312-BA49-51A3-9084-70D8EDD8E5D2" otype="Entity" vid="D93DB3D6-7CE1-C160-6B9D-10EE30456BF5">
<hideElementsInCurrentOnly>false</hideElementsInCurrentOnly>
<bounds x="1203" y="217" width="126" height="113"/>
</OView>
<OView class="oracle.dbtools.crest.swingui.logical.TVEntity" oid="3F4D5B39-D9AE-3D8A-E65B-57AE4A7FC338" otype="Entity" vid="7B1BADD0-7C26-6353-9E6F-A0F75BAEEED2">
<hideElementsInCurrentOnly>false</hideElementsInCurrentOnly>
<bounds x="726" y="447" width="163" height="138"/>
</OView>
<OView class="oracle.dbtools.crest.swingui.logical.TVEntity" oid="47D24074-2167-1112-BE68-20C3DB32F015" otype="Entity" vid="DD59809B-F078-8521-9A9A-780DD9296596">
<hideElementsInCurrentOnly>false</hideElementsInCurrentOnly>
<bounds x="731" y="665" width="153" height="69"/>
</OView>
<OView class="oracle.dbtools.crest.swingui.logical.TVEntity" oid="501C0847-7CBD-498B-F292-D12D324532D7" otype="Entity" vid="77C8F6B7-BC36-A04C-CC8C-2DC1E5B3C71E">
<hideElementsInCurrentOnly>false</hideElementsInCurrentOnly>
<bounds x="479" y="476" width="145" height="82"/>
</OView>
<OView class="oracle.dbtools.crest.swingui.logical.TVEntity" oid="53968A70-D7B3-956E-1C07-43E90F4CA6A6" otype="Entity" vid="8AF2962E-9D5F-4169-995C-143550692EBF">
<hideElementsInCurrentOnly>false</hideElementsInCurrentOnly>
<bounds x="217" y="476" width="127" height="110"/>
</OView>
<OView class="oracle.dbtools.crest.swingui.logical.TVEntity" oid="5E5166DD-623B-FC96-3963-BDC0E8CEA4E0" otype="Entity" vid="F7175212-63B4-1F37-1CD0-F98087E51290">
<hideElementsInCurrentOnly>false</hideElementsInCurrentOnly>
<bounds x="210" y="221" width="143" height="166"/>
</OView>
<OView class="oracle.dbtools.crest.swingui.logical.TVEntity" oid="705DDEDC-2001-1023-E068-DCEB502D8512" otype="Entity" vid="8A762A75-DB35-9461-0D06-AE4225915199">
<hideElementsInCurrentOnly>false</hideElementsInCurrentOnly>
<bounds x="948" y="222" width="168" height="96"/>
</OView>
<OView class="oracle.dbtools.crest.swingui.TVLegend" oid="B2A07EA0-D3E1-8E22-ABFA-9759C2FAE3B2" otype="Legend" vid="88571BD3-2304-D053-1F71-823EDACC27D9">
<hideElementsInCurrentOnly>false</hideElementsInCurrentOnly>
<bounds x="10" y="10" width="232" height="135"/>
</OView>
<OView class="oracle.dbtools.crest.swingui.logical.TVEntity" oid="CE503509-F457-85E3-0924-6FFB0A17F9CF" otype="Entity" vid="C3EA041D-C9AA-401E-FDFD-4E8F10FEDCD8">
<hideElementsInCurrentOnly>false</hideElementsInCurrentOnly>
<bounds x="479" y="224" width="160" height="96"/>
</OView>
<OView class="oracle.dbtools.crest.swingui.logical.TVEntity" oid="F0C20EFA-27A2-569D-E614-C9AE93BFCCE0" otype="Entity" vid="08E31AAA-0C20-A8F5-F0A8-16A9D019C69F">
<hideElementsInCurrentOnly>false</hideElementsInCurrentOnly>
<bounds x="1198" y="466" width="132" height="105"/>
</OView>
</objectViews>
<connectors>
<Connector class="oracle.dbtools.crest.swingui.logical.TVRelation" oid="1DD3A9EF-9170-3DFD-69C3-2CBAD89F6F57" otype="Relation" vid_source="77C8F6B7-BC36-A04C-CC8C-2DC1E5B3C71E" vid_target="C3EA041D-C9AA-401E-FDFD-4E8F10FEDCD8">
<hideElementsInCurrentOnly>false</hideElementsInCurrentOnly>
<backgroundColor>-16777216</backgroundColor>
<lineWidth>1</lineWidth>
<sourceLabel class="oracle.dbtools.crest.model.design.Label">
<site>0</site>
<labelBounds x="551" y="440" width="31" height="30"/>
<noBackgroundColor>true</noBackgroundColor>
<noForegroundColor>true</noForegroundColor>
</sourceLabel>
<targetLabel class="oracle.dbtools.crest.model.design.Label">
<site>2</site>
<labelBounds x="551" y="356" width="18" height="30"/>
<noBackgroundColor>true</noBackgroundColor>
<noForegroundColor>true</noForegroundColor>
</targetLabel>
<points>
<point x="551" y="476"/>
<point x="551" y="320"/>
</points>
</Connector>
<Connector class="oracle.dbtools.crest.swingui.logical.TVRelation" oid="1F5B732F-8FA6-A387-0E6D-594546013E41" otype="Relation" vid_source="DD59809B-F078-8521-9A9A-780DD9296596" vid_target="7B1BADD0-7C26-6353-9E6F-A0F75BAEEED2">
<hideElementsInCurrentOnly>false</hideElementsInCurrentOnly>
<backgroundColor>-16777216</backgroundColor>
<lineWidth>1</lineWidth>
<sourceLabel class="oracle.dbtools.crest.model.design.Label">
<site>0</site>
<labelBounds x="807" y="630" width="60" height="29"/>
<noBackgroundColor>true</noBackgroundColor>
<noForegroundColor>true</noForegroundColor>
</sourceLabel>
<targetLabel class="oracle.dbtools.crest.model.design.Label">
<site>2</site>
<labelBounds x="807" y="620" width="18" height="30"/>
<noBackgroundColor>true</noBackgroundColor>
<noForegroundColor>true</noForegroundColor>
</targetLabel>
<points>
<point x="807" y="665"/>
<point x="807" y="585"/>
</points>
</Connector>
<Connector class="oracle.dbtools.crest.swingui.logical.TVRelation" oid="2AAD9C51-9178-3CAC-6CA5-28A4644B2A8D" otype="Relation" vid_source="F7175212-63B4-1F37-1CD0-F98087E51290" vid_target="F7175212-63B4-1F37-1CD0-F98087E51290">
<hideElementsInCurrentOnly>false</hideElementsInCurrentOnly>
<backgroundColor>-16777216</backgroundColor>
<lineWidth>1</lineWidth>
<sourceLabel class="oracle.dbtools.crest.model.design.Label">
<site>0</site>
<labelBounds x="274" y="183" width="72" height="30"/>
<noBackgroundColor>true</noBackgroundColor>
<noForegroundColor>true</noForegroundColor>
</sourceLabel>
<targetLabel class="oracle.dbtools.crest.model.design.Label">
<site>2</site>
<labelBounds x="174" y="243" width="18" height="30"/>
<noBackgroundColor>true</noBackgroundColor>
<noForegroundColor>true</noForegroundColor>
</targetLabel>
<points>
<point x="274" y="221"/>
<point x="274" y="168"/>
<point x="174" y="167"/>
<point x="174" y="253"/>
<point x="210" y="253"/>
</points>
</Connector>
<Connector class="oracle.dbtools.crest.swingui.logical.TVRelation" oid="65782C81-77F1-3762-E466-671AB4367D6B" otype="Relation" vid_source="40570750-A457-1ECB-B210-1D8C39FFD85E" vid_target="C3EA041D-C9AA-401E-FDFD-4E8F10FEDCD8">
<hideElementsInCurrentOnly>false</hideElementsInCurrentOnly>
<backgroundColor>-16777216</backgroundColor>
<lineWidth>1</lineWidth>
<sourceLabel class="oracle.dbtools.crest.model.design.Label">
<site>0</site>
<labelBounds x="685" y="241" width="31" height="30"/>
<noBackgroundColor>true</noBackgroundColor>
<noForegroundColor>true</noForegroundColor>
</sourceLabel>
<targetLabel class="oracle.dbtools.crest.model.design.Label">
<site>2</site>
<labelBounds x="649" y="274" width="18" height="30"/>
<noBackgroundColor>true</noBackgroundColor>
<noForegroundColor>true</noForegroundColor>
</targetLabel>
<points>
<point x="722" y="271"/>
<point x="639" y="271"/>
</points>
</Connector>
<Connector class="oracle.dbtools.crest.swingui.logical.TVRelation" oid="6D3AA39B-B89A-9B89-23DE-7E538059B5E6" otype="Relation" vid_source="D93DB3D6-7CE1-C160-6B9D-10EE30456BF5" vid_target="8A762A75-DB35-9461-0D06-AE4225915199">
<hideElementsInCurrentOnly>false</hideElementsInCurrentOnly>
<backgroundColor>-16777216</backgroundColor>
<lineWidth>1</lineWidth>
<sourceLabel class="oracle.dbtools.crest.model.design.Label">
<site>0</site>
<labelBounds x="1145" y="244" width="52" height="26"/>
<noBackgroundColor>true</noBackgroundColor>
<noForegroundColor>true</noForegroundColor>
</sourceLabel>
<targetLabel class="oracle.dbtools.crest.model.design.Label">
<site>2</site>
<labelBounds x="1126" y="273" width="20" height="32"/>
<noBackgroundColor>true</noBackgroundColor>
<noForegroundColor>true</noForegroundColor>
</targetLabel>
<points>
<point x="1203" y="270"/>
<point x="1116" y="270"/>
</points>
</Connector>
<Connector class="oracle.dbtools.crest.swingui.logical.TVRelation" oid="6F0A042B-3A63-E4A9-9841-CAFBDC00076E" otype="Relation" vid_source="F7175212-63B4-1F37-1CD0-F98087E51290" vid_target="C3EA041D-C9AA-401E-FDFD-4E8F10FEDCD8">
<hideElementsInCurrentOnly>false</hideElementsInCurrentOnly>
<backgroundColor>-16777216</backgroundColor>
<lineWidth>1</lineWidth>
<sourceLabel class="oracle.dbtools.crest.model.design.Label">
<site>0</site>
<labelBounds x="363" y="243" width="31" height="30"/>
<noBackgroundColor>true</noBackgroundColor>
<noForegroundColor>true</noForegroundColor>
</sourceLabel>
<targetLabel class="oracle.dbtools.crest.model.design.Label">
<site>2</site>
<labelBounds x="455" y="276" width="18" height="30"/>
<noBackgroundColor>true</noBackgroundColor>
<noForegroundColor>true</noForegroundColor>
</targetLabel>
<points>
<point x="353" y="273"/>
<point x="479" y="273"/>
</points>
</Connector>
<Connector class="oracle.dbtools.crest.swingui.logical.TVRelation" oid="7922F3E8-BCF2-DDB2-867C-766A5EAB729A" otype="Relation" vid_source="8AF2962E-9D5F-4169-995C-143550692EBF" vid_target="F7175212-63B4-1F37-1CD0-F98087E51290">
<hideElementsInCurrentOnly>false</hideElementsInCurrentOnly>
<backgroundColor>-16777216</backgroundColor>
<lineWidth>1</lineWidth>
<sourceLabel class="oracle.dbtools.crest.model.design.Label">
<site>0</site>
<labelBounds x="280" y="440" width="31" height="30"/>
<noBackgroundColor>true</noBackgroundColor>
<noForegroundColor>true</noForegroundColor>
</sourceLabel>
<targetLabel class="oracle.dbtools.crest.model.design.Label">
<site>2</site>
<labelBounds x="280" y="431" width="18" height="30"/>
<noBackgroundColor>true</noBackgroundColor>
<noForegroundColor>true</noForegroundColor>
</targetLabel>
<points>
<point x="280" y="476"/>
<point x="280" y="387"/>
</points>
</Connector>
<Connector class="oracle.dbtools.crest.swingui.logical.TVRelation" oid="83CA41CD-14ED-B93C-617E-5440B7944631" otype="Relation" vid_source="08E31AAA-0C20-A8F5-F0A8-16A9D019C69F" vid_target="8AF2962E-9D5F-4169-995C-143550692EBF">
<hideElementsInCurrentOnly>false</hideElementsInCurrentOnly>
<backgroundColor>-16777216</backgroundColor>
<lineWidth>1</lineWidth>
<sourceLabel class="oracle.dbtools.crest.model.design.Label">
<site>0</site>
<labelBounds x="1273" y="607" width="33" height="30"/>
<noBackgroundColor>true</noBackgroundColor>
<noForegroundColor>true</noForegroundColor>
</sourceLabel>
<targetLabel class="oracle.dbtools.crest.model.design.Label">
<site>2</site>
<labelBounds x="276" y="630" width="18" height="30"/>
<noBackgroundColor>true</noBackgroundColor>
<noForegroundColor>true</noForegroundColor>
</targetLabel>
<points>
<point x="1273" y="571"/>
<point x="1273" y="777"/>
<point x="276" y="763"/>
<point x="276" y="586"/>
</points>
</Connector>
<Connector class="oracle.dbtools.crest.swingui.logical.TVRelation" oid="9EFC01B3-C79B-3C2E-1DEE-FF4788604EA2" otype="Relation" vid_source="7B1BADD0-7C26-6353-9E6F-A0F75BAEEED2" vid_target="77C8F6B7-BC36-A04C-CC8C-2DC1E5B3C71E">
<hideElementsInCurrentOnly>false</hideElementsInCurrentOnly>
<backgroundColor>-16777216</backgroundColor>
<lineWidth>1</lineWidth>
<sourceLabel class="oracle.dbtools.crest.model.design.Label">
<site>0</site>
<labelBounds x="689" y="487" width="31" height="30"/>
<noBackgroundColor>true</noBackgroundColor>
<noForegroundColor>true</noForegroundColor>
</sourceLabel>
<targetLabel class="oracle.dbtools.crest.model.design.Label">
<site>2</site>
<labelBounds x="634" y="520" width="18" height="30"/>
<noBackgroundColor>true</noBackgroundColor>
<noForegroundColor>true</noForegroundColor>
</targetLabel>
<points>
<point x="726" y="517"/>
<point x="624" y="517"/>
</points>
</Connector>
<Connector class="oracle.dbtools.crest.swingui.logical.TVRelation" oid="AB02B99A-36BE-F668-4F40-246508F3342D" otype="Relation" vid_source="40570750-A457-1ECB-B210-1D8C39FFD85E" vid_target="8A762A75-DB35-9461-0D06-AE4225915199">
<hideElementsInCurrentOnly>false</hideElementsInCurrentOnly>
<backgroundColor>-16777216</backgroundColor>
<lineWidth>1</lineWidth>
<sourceLabel class="oracle.dbtools.crest.model.design.Label">
<site>0</site>
<labelBounds x="900" y="237" width="31" height="33"/>
<noBackgroundColor>true</noBackgroundColor>
<noForegroundColor>true</noForegroundColor>
</sourceLabel>
<targetLabel class="oracle.dbtools.crest.model.design.Label">
<site>2</site>
<labelBounds x="925" y="273" width="17" height="31"/>
<noBackgroundColor>true</noBackgroundColor>
<noForegroundColor>true</noForegroundColor>
</targetLabel>
<points>
<point x="890" y="270"/>
<point x="948" y="270"/>
</points>
</Connector>
<Connector class="oracle.dbtools.crest.swingui.logical.TVRelation" oid="C16A104E-DD6E-6417-5C49-2E888321C7CF" otype="Relation" vid_source="7B1BADD0-7C26-6353-9E6F-A0F75BAEEED2" vid_target="40570750-A457-1ECB-B210-1D8C39FFD85E">
<hideElementsInCurrentOnly>false</hideElementsInCurrentOnly>
<backgroundColor>-16777216</backgroundColor>
<lineWidth>1</lineWidth>
<sourceLabel class="oracle.dbtools.crest.model.design.Label">
<site>0</site>
<labelBounds x="792" y="395" width="31" height="30"/>
<noBackgroundColor>true</noBackgroundColor>
<noForegroundColor>true</noForegroundColor>
</sourceLabel>
<targetLabel class="oracle.dbtools.crest.model.design.Label">
<site>2</site>
<labelBounds x="792" y="385" width="18" height="30"/>
<noBackgroundColor>true</noBackgroundColor>
<noForegroundColor>true</noForegroundColor>
</targetLabel>
<points>
<point x="792" y="447"/>
<point x="792" y="333"/>
</points>
</Connector>
<Connector class="oracle.dbtools.crest.swingui.logical.TVRelation" oid="CC672781-3277-92CD-5FC3-E084BF49E262" otype="Relation" vid_source="08E31AAA-0C20-A8F5-F0A8-16A9D019C69F" vid_target="7B1BADD0-7C26-6353-9E6F-A0F75BAEEED2">
<hideElementsInCurrentOnly>false</hideElementsInCurrentOnly>
<backgroundColor>-16777216</backgroundColor>
<lineWidth>1</lineWidth>
<sourceLabel class="oracle.dbtools.crest.model.design.Label">
<site>0</site>
<labelBounds x="1144" y="498" width="48" height="20"/>
<noBackgroundColor>true</noBackgroundColor>
<noForegroundColor>true</noForegroundColor>
</sourceLabel>
<targetLabel class="oracle.dbtools.crest.model.design.Label">
<site>2</site>
<labelBounds x="899" y="521" width="17" height="32"/>
<noBackgroundColor>true</noBackgroundColor>
<noForegroundColor>true</noForegroundColor>
</targetLabel>
<points>
<point x="1198" y="518"/>
<point x="889" y="518"/>
</points>
</Connector>
<Connector class="oracle.dbtools.crest.swingui.logical.TVRelation" oid="E4C84BF2-A5CC-25ED-6BC4-CBCB628462C6" otype="Relation" vid_source="08E31AAA-0C20-A8F5-F0A8-16A9D019C69F" vid_target="D93DB3D6-7CE1-C160-6B9D-10EE30456BF5">
<hideElementsInCurrentOnly>false</hideElementsInCurrentOnly>
<backgroundColor>-16777216</backgroundColor>
<lineWidth>1</lineWidth>
<sourceLabel class="oracle.dbtools.crest.model.design.Label">
<site>0</site>
<labelBounds x="1266" y="414" width="31" height="30"/>
<noBackgroundColor>true</noBackgroundColor>
<noForegroundColor>true</noForegroundColor>
</sourceLabel>
<targetLabel class="oracle.dbtools.crest.model.design.Label">
<site>2</site>
<labelBounds x="1266" y="374" width="18" height="30"/>
<noBackgroundColor>true</noBackgroundColor>
<noForegroundColor>true</noForegroundColor>
</targetLabel>
<points>
<point x="1266" y="466"/>
<point x="1266" y="330"/>
</points>
</Connector>
</connectors>
</Diagram>
