<?xml version = '1.0' encoding = 'UTF-8'?>
<Diagram class="oracle.dbtools.crest.swingui.relational.DPVRelational" name="Relational_1" id="F9C1676A-BA29-72EB-6F00-E395A9D6C79D">
<createdBy>User</createdBy>
<modifiedBy>User</modifiedBy>
<createdTime>2025-04-20 05:05:05 UTC</createdTime>
<autoRoute>false</autoRoute>
<boxInbox>true</boxInbox>
<showLegend>false</showLegend>
<showLabels>false</showLabels>
<showRelAttributes>false</showRelAttributes>
<gridEnabled>false</gridEnabled>
<showGrid>false</showGrid>
<diagramColor>-1</diagramColor>
<display>false</display>
<notation>1</notation>
<objectViews>
<OView class="oracle.dbtools.crest.swingui.relational.TVTable" oid="07B18246-254D-E021-FEA1-ED92E5A06CC7" otype="Table" vid="91071267-20F0-2E85-A809-9FC098418CED">
<hideElementsInCurrentOnly>false</hideElementsInCurrentOnly>
<bounds x="816" y="547" width="234" height="179"/>
</OView>
<OView class="oracle.dbtools.crest.swingui.relational.TVTable" oid="2DAD592D-F541-E1E0-3C31-59E5AFF04D36" otype="Table" vid="D6018829-2830-782D-6B4D-9A73C55ED8FB">
<hideElementsInCurrentOnly>false</hideElementsInCurrentOnly>
<bounds x="824" y="787" width="231" height="89"/>
</OView>
<OView class="oracle.dbtools.crest.swingui.relational.TVTable" oid="5001201D-968A-12B3-9C49-C18C34C1B3A9" otype="Table" vid="A564FD94-03BD-4117-102D-DE2ED23DB783">
<hideElementsInCurrentOnly>false</hideElementsInCurrentOnly>
<bounds x="85" y="278" width="300" height="193"/>
</OView>
<OView class="oracle.dbtools.crest.swingui.relational.TVTable" oid="556B1BB4-8020-2B6B-500E-C7A5F20A09DD" otype="Table" vid="D9BC5D42-547E-43D2-FB72-C90303FAFE89">
<hideElementsInCurrentOnly>false</hideElementsInCurrentOnly>
<bounds x="55" y="556" width="367" height="151"/>
</OView>
<OView class="oracle.dbtools.crest.swingui.relational.TVTable" oid="695D8623-6EC4-2E47-88A1-456A5315D083" otype="Table" vid="63A8BB52-E2BB-1187-F080-E9E41A315CBD">
<hideElementsInCurrentOnly>false</hideElementsInCurrentOnly>
<bounds x="1583" y="285" width="204" height="137"/>
</OView>
<OView class="oracle.dbtools.crest.swingui.relational.TVTable" oid="8091AB34-DC38-6F69-0893-5BD39553A509" otype="Table" vid="C3E053B7-2EA7-7589-3EDC-ED5B680208B0">
<hideElementsInCurrentOnly>false</hideElementsInCurrentOnly>
<bounds x="794" y="284" width="246" height="151"/>
</OView>
<OView class="oracle.dbtools.crest.swingui.relational.TVTable" oid="8385B26C-8EBC-5611-FFCF-33A2AF5200C0" otype="Table" vid="6147B9E5-7EFE-060E-ACA3-91983B47B261">
<hideElementsInCurrentOnly>false</hideElementsInCurrentOnly>
<bounds x="1600" y="577" width="200" height="75"/>
</OView>
<OView class="oracle.dbtools.crest.swingui.relational.TVTable" oid="A5881950-C100-6672-B846-BE63F6E35157" otype="Table" vid="C49A92A8-6454-2AC2-2D6E-C794F2462946">
<hideElementsInCurrentOnly>false</hideElementsInCurrentOnly>
<bounds x="1145" y="283" width="300" height="137"/>
</OView>
<OView class="oracle.dbtools.crest.swingui.relational.TVTable" oid="C774B875-24E0-813F-B81D-70A59A81AFA4" otype="Table" vid="19134187-3A6B-3F95-0B06-2406A7CE50F7">
<hideElementsInCurrentOnly>false</hideElementsInCurrentOnly>
<bounds x="479" y="285" width="232" height="165"/>
</OView>
<OView class="oracle.dbtools.crest.swingui.relational.TVTable" oid="C7DA43C8-60A3-7878-9FA9-3C81E82ED43F" otype="Table" vid="76739E19-4016-8AAD-15C6-85B3951D4726">
<hideElementsInCurrentOnly>false</hideElementsInCurrentOnly>
<bounds x="494" y="552" width="217" height="123"/>
</OView>
</objectViews>
<connectors>
<Connector class="oracle.dbtools.crest.swingui.relational.TVFKRelation" oid="06A1AE36-ADA9-6A01-C247-07ACAEF3B57A" otype="FKIndexAssociation" vid_source="C3E053B7-2EA7-7589-3EDC-ED5B680208B0" vid_target="C49A92A8-6454-2AC2-2D6E-C794F2462946">
<hideElementsInCurrentOnly>false</hideElementsInCurrentOnly>
<backgroundColor>-16777216</backgroundColor>
<lineWidth>1</lineWidth>
<points>
<point x="1040" y="352"/>
<point x="1145" y="352"/>
</points>
</Connector>
<Connector class="oracle.dbtools.crest.swingui.relational.TVFKRelation" oid="336507A5-8AC0-5E41-0541-4394CDAA5783" otype="FKIndexAssociation" vid_source="C3E053B7-2EA7-7589-3EDC-ED5B680208B0" vid_target="19134187-3A6B-3F95-0B06-2406A7CE50F7">
<hideElementsInCurrentOnly>false</hideElementsInCurrentOnly>
<backgroundColor>-16777216</backgroundColor>
<lineWidth>1</lineWidth>
<points>
<point x="794" y="360"/>
<point x="711" y="360"/>
</points>
</Connector>
<Connector class="oracle.dbtools.crest.swingui.relational.TVFKRelation" oid="3F3E57A1-EAE0-DAC0-F206-C39AADDD19C1" otype="FKIndexAssociation" vid_source="A564FD94-03BD-4117-102D-DE2ED23DB783" vid_target="19134187-3A6B-3F95-0B06-2406A7CE50F7">
<hideElementsInCurrentOnly>false</hideElementsInCurrentOnly>
<backgroundColor>-16777216</backgroundColor>
<lineWidth>1</lineWidth>
<points>
<point x="385" y="367"/>
<point x="479" y="367"/>
</points>
</Connector>
<Connector class="oracle.dbtools.crest.swingui.relational.TVFKRelation" oid="479CF415-8B99-8451-EDE5-D8DEA952C186" otype="FKIndexAssociation" vid_source="6147B9E5-7EFE-060E-ACA3-91983B47B261" vid_target="63A8BB52-E2BB-1187-F080-E9E41A315CBD">
<hideElementsInCurrentOnly>false</hideElementsInCurrentOnly>
<backgroundColor>-16777216</backgroundColor>
<lineWidth>1</lineWidth>
<points>
<point x="1693" y="577"/>
<point x="1693" y="422"/>
</points>
</Connector>
<Connector class="oracle.dbtools.crest.swingui.relational.TVFKRelation" oid="4BD75784-F329-92F5-DCDE-853A3D990E3D" otype="FKIndexAssociation" vid_source="91071267-20F0-2E85-A809-9FC098418CED" vid_target="76739E19-4016-8AAD-15C6-85B3951D4726">
<hideElementsInCurrentOnly>false</hideElementsInCurrentOnly>
<backgroundColor>-16777216</backgroundColor>
<lineWidth>1</lineWidth>
<points>
<point x="816" y="613"/>
<point x="711" y="613"/>
</points>
</Connector>
<Connector class="oracle.dbtools.crest.swingui.relational.TVFKRelation" oid="65D8CFA4-B88F-6F87-0CEF-0D779BCAA829" otype="FKIndexAssociation" vid_source="A564FD94-03BD-4117-102D-DE2ED23DB783" vid_target="A564FD94-03BD-4117-102D-DE2ED23DB783">
<hideElementsInCurrentOnly>false</hideElementsInCurrentOnly>
<backgroundColor>-16777216</backgroundColor>
<lineWidth>1</lineWidth>
<points>
<point x="149" y="278"/>
<point x="149" y="225"/>
<point x="49" y="224"/>
<point x="49" y="310"/>
<point x="85" y="310"/>
</points>
</Connector>
<Connector class="oracle.dbtools.crest.swingui.relational.TVFKRelation" oid="7AB1C6BC-369B-E7B5-6947-C393CBBD1026" otype="FKIndexAssociation" vid_source="76739E19-4016-8AAD-15C6-85B3951D4726" vid_target="19134187-3A6B-3F95-0B06-2406A7CE50F7">
<hideElementsInCurrentOnly>false</hideElementsInCurrentOnly>
<backgroundColor>-16777216</backgroundColor>
<lineWidth>1</lineWidth>
<points>
<point x="602" y="552"/>
<point x="602" y="450"/>
</points>
</Connector>
<Connector class="oracle.dbtools.crest.swingui.relational.TVFKRelation" oid="880A9E9D-17DF-4F70-AF41-E7ADB1E612D9" otype="FKIndexAssociation" vid_source="63A8BB52-E2BB-1187-F080-E9E41A315CBD" vid_target="C49A92A8-6454-2AC2-2D6E-C794F2462946">
<hideElementsInCurrentOnly>false</hideElementsInCurrentOnly>
<backgroundColor>-16777216</backgroundColor>
<lineWidth>1</lineWidth>
<points>
<point x="1583" y="352"/>
<point x="1445" y="352"/>
</points>
</Connector>
<Connector class="oracle.dbtools.crest.swingui.relational.TVFKRelation" oid="89A08F85-6A1B-908D-97A4-AA0AA4EEBA46" otype="FKIndexAssociation" vid_source="6147B9E5-7EFE-060E-ACA3-91983B47B261" vid_target="D9BC5D42-547E-43D2-FB72-C90303FAFE89">
<hideElementsInCurrentOnly>false</hideElementsInCurrentOnly>
<backgroundColor>-16777216</backgroundColor>
<lineWidth>1</lineWidth>
<points>
<point x="1698" y="652"/>
<point x="1698" y="917"/>
<point x="235" y="918"/>
<point x="235" y="707"/>
</points>
</Connector>
<Connector class="oracle.dbtools.crest.swingui.relational.TVFKRelation" oid="9563047D-E8D4-AE34-6BE2-D1F782DE83BB" otype="FKIndexAssociation" vid_source="6147B9E5-7EFE-060E-ACA3-91983B47B261" vid_target="91071267-20F0-2E85-A809-9FC098418CED">
<hideElementsInCurrentOnly>false</hideElementsInCurrentOnly>
<backgroundColor>-16777216</backgroundColor>
<lineWidth>1</lineWidth>
<points>
<point x="1600" y="614"/>
<point x="1050" y="614"/>
</points>
</Connector>
<Connector class="oracle.dbtools.crest.swingui.relational.TVFKRelation" oid="95ECEA10-C88D-FBAB-4FD3-3E0082B22F05" otype="FKIndexAssociation" vid_source="D9BC5D42-547E-43D2-FB72-C90303FAFE89" vid_target="A564FD94-03BD-4117-102D-DE2ED23DB783">
<hideElementsInCurrentOnly>false</hideElementsInCurrentOnly>
<backgroundColor>-16777216</backgroundColor>
<lineWidth>1</lineWidth>
<points>
<point x="235" y="556"/>
<point x="235" y="471"/>
</points>
</Connector>
<Connector class="oracle.dbtools.crest.swingui.relational.TVFKRelation" oid="A54954D4-C2BD-D504-BCB8-6DEF5A0A3BE8" otype="FKIndexAssociation" vid_source="91071267-20F0-2E85-A809-9FC098418CED" vid_target="C3E053B7-2EA7-7589-3EDC-ED5B680208B0">
<hideElementsInCurrentOnly>false</hideElementsInCurrentOnly>
<backgroundColor>-16777216</backgroundColor>
<lineWidth>1</lineWidth>
<points>
<point x="928" y="547"/>
<point x="928" y="435"/>
</points>
</Connector>
<Connector class="oracle.dbtools.crest.swingui.relational.TVFKRelation" oid="F1579AC6-FEDF-5EFA-3CCB-835E5BCD8799" otype="FKIndexAssociation" vid_source="D6018829-2830-782D-6B4D-9A73C55ED8FB" vid_target="91071267-20F0-2E85-A809-9FC098418CED">
<hideElementsInCurrentOnly>false</hideElementsInCurrentOnly>
<backgroundColor>-16777216</backgroundColor>
<lineWidth>1</lineWidth>
<points>
<point x="937" y="787"/>
<point x="937" y="726"/>
</points>
</Connector>
</connectors>
</Diagram>
